web-scraper-order,web-scraper-start-url,Team,G-val,AB-val,R-val,H-val,2B-val,3B-val,HR-val,RBI,BB-val,SO-val,SB-val,CS-val,AVG,OBP,SLG,OPS
1718120365-1,https://www.milb.com/stats/?page=18,ROC,2,5,1,1,0,0,0,0,2,1,0,0,0.2,0.429,0.2,0.629
1718120365-2,https://www.milb.com/stats/?page=18,SWB,13,48,6,8,0,1,0,3,9,15,0,3,0.167,0.305,0.208,0.513
1718120365-3,https://www.milb.com/stats/?page=18,DUR,5,21,6,8,5,1,0,5,2,6,1,0,0.381,0.435,0.714,1.149
1718120365-4,https://www.milb.com/stats/?page=18,NOR,2,6,0,0,0,0,0,0,1,1,0,0,0,0.143,0,0.143
1718120365-5,https://www.milb.com/stats/?page=18,IOW,34,107,14,28,7,2,0,12,18,27,2,0,0.262,0.37,0.364,0.734
1718120365-6,https://www.milb.com/stats/?page=18,WOR,2,7,2,1,0,0,0,0,1,2,0,0,0.143,0.25,0.143,0.393
1718120365-7,https://www.milb.com/stats/?page=18,ROC,3,14,1,3,0,0,0,0,2,2,1,0,0.214,0.313,0.214,0.527
1718120387-8,https://www.milb.com/stats/?page=17,CLT,4,17,3,5,1,0,0,1,1,3,2,0,0.294,0.333,0.353,0.686
1718120387-9,https://www.milb.com/stats/?page=17,NAS,1,0,0,0,0,0,0,0,1,0,0,0,0,1,0,1
1718120387-10,https://www.milb.com/stats/?page=17,CLT,21,77,8,8,1,1,0,4,7,24,1,2,0.104,0.186,0.143,0.329
1718120387-11,https://www.milb.com/stats/?page=17,GWN,29,89,8,19,4,0,0,7,7,20,1,0,0.213,0.271,0.258,0.529
1718120387-12,https://www.milb.com/stats/?page=17,ROC,6,20,4,7,1,1,0,3,3,6,1,0,0.35,0.435,0.5,0.935
1718120387-13,https://www.milb.com/stats/?page=17,JAX,7,23,4,3,1,0,0,3,4,9,0,0,0.13,0.259,0.174,0.433
1718120387-14,https://www.milb.com/stats/?page=17,NOR,15,45,0,6,0,0,0,2,5,18,0,2,0.133,0.226,0.133,0.359
1718120387-15,https://www.milb.com/stats/?page=17,JAX,1,4,0,1,0,0,0,0,0,1,0,0,0.25,0.25,0.25,0.5
1718120387-16,https://www.milb.com/stats/?page=17,LHV,4,14,6,5,0,0,0,0,2,4,0,0,0.357,0.438,0.357,0.795
1718120387-17,https://www.milb.com/stats/?page=17,CLT,10,33,2,5,1,0,0,2,0,7,0,1,0.152,0.152,0.182,0.334
1718120387-18,https://www.milb.com/stats/?page=17,IND,12,19,0,2,1,0,0,1,1,8,0,0,0.105,0.19,0.158,0.348
1718120387-19,https://www.milb.com/stats/?page=17,STP,10,27,2,4,3,0,0,4,0,9,1,0,0.148,0.179,0.259,0.438
1718120387-20,https://www.milb.com/stats/?page=17,LHV,1,3,0,0,0,0,0,0,0,2,0,0,0,0,0,0
1718120387-21,https://www.milb.com/stats/?page=17,OMA,3,0,0,0,0,0,0,0,0,0,0,0,0,0,0,0
1718120387-22,https://www.milb.com/stats/?page=17,CLT,5,11,3,1,0,0,0,1,2,4,0,0,0.091,0.375,0.091,0.466
1718120387-23,https://www.milb.com/stats/?page=17,MEM,2,1,0,0,0,0,0,0,1,1,0,0,0,0.5,0,0.5
1718120387-24,https://www.milb.com/stats/?page=17,IOW,2,5,2,2,0,0,0,0,1,1,1,0,0.4,0.5,0.4,0.9
1718120387-25,https://www.milb.com/stats/?page=17,SYR,17,62,10,14,3,0,0,4,5,11,1,2,0.226,0.284,0.274,0.558
1718120387-26,https://www.milb.com/stats/?page=17,NAS,15,0,0,0,0,0,0,0,0,0,0,0,0,0,0,0
1718120387-27,https://www.milb.com/stats/?page=17,OMA,20,71,7,10,2,0,0,3,7,25,5,1,0.141,0.238,0.169,0.407
1718120387-28,https://www.milb.com/stats/?page=17,GWN,5,22,3,5,4,0,0,1,1,8,0,0,0.227,0.261,0.409,0.67
1718120387-29,https://www.milb.com/stats/?page=17,BUF,7,31,4,7,1,0,0,4,0,9,0,0,0.226,0.226,0.258,0.484
1718120387-30,https://www.milb.com/stats/?page=17,TOL,20,44,3,8,3,0,0,3,6,19,3,1,0.182,0.28,0.25,0.53
1718120387-31,https://www.milb.com/stats/?page=17,LOU,13,34,5,6,2,0,0,4,5,10,1,0,0.176,0.275,0.235,0.51
1718120387-32,https://www.milb.com/stats/?page=17,TOL,3,8,2,5,0,0,0,1,1,1,0,0,0.625,0.667,0.625,1.292
1718120408-33,https://www.milb.com/stats/?page=16,GWN,20,71,5,17,7,0,0,7,4,18,2,0,0.239,0.276,0.338,0.614
1718120408-34,https://www.milb.com/stats/?page=16,ROC,23,90,8,23,4,0,0,8,3,20,2,1,0.256,0.287,0.3,0.587
1718120408-35,https://www.milb.com/stats/?page=16,SWB,43,116,21,32,7,2,0,17,25,33,21,2,0.276,0.404,0.371,0.775
1718120408-36,https://www.milb.com/stats/?page=16,IOW,1,1,0,1,1,0,0,1,1,0,0,0,1,1,2,3
1718120408-37,https://www.milb.com/stats/?page=16,SYR,2,8,1,3,1,0,0,3,0,1,0,0,0.375,0.375,0.5,0.875
1718120408-38,https://www.milb.com/stats/?page=16,LOU,9,24,4,6,4,0,0,0,3,5,1,0,0.25,0.357,0.417,0.774
1718120408-39,https://www.milb.com/stats/?page=16,WOR,10,33,3,8,2,0,0,5,4,13,1,1,0.242,0.324,0.303,0.627
1718120408-40,https://www.milb.com/stats/?page=16,LOU,11,24,5,3,0,0,0,2,4,14,0,0,0.125,0.25,0.125,0.375
1718120408-41,https://www.milb.com/stats/?page=16,TOL,1,1,0,0,0,0,0,0,0,0,0,0,0,0,0,0
1718120408-42,https://www.milb.com/stats/?page=16,MEM,3,3,0,0,0,0,0,0,0,2,0,0,0,0,0,0
1718120408-43,https://www.milb.com/stats/?page=16,NAS,1,1,0,0,0,0,0,0,0,1,0,0,0,0,0,0
1718120408-44,https://www.milb.com/stats/?page=16,NAS,24,0,0,0,0,0,0,0,0,0,0,0,0,0,0,0
1718120408-45,https://www.milb.com/stats/?page=16,NAS,10,37,7,9,2,0,0,4,7,10,6,0,0.243,0.362,0.297,0.659
1718120408-46,https://www.milb.com/stats/?page=16,STP,15,47,7,7,3,0,0,2,9,14,1,0,0.149,0.281,0.213,0.494
1718120408-47,https://www.milb.com/stats/?page=16,LOU,1,4,0,0,0,0,0,0,0,0,0,0,0,0,0,0
1718120408-48,https://www.milb.com/stats/?page=16,CLT,7,16,2,2,0,0,0,0,2,6,0,1,0.125,0.263,0.125,0.388
1718120408-49,https://www.milb.com/stats/?page=16,NAS,2,7,0,1,0,0,0,0,1,2,0,0,0.143,0.25,0.143,0.393
1718120408-50,https://www.milb.com/stats/?page=16,MEM,5,17,5,3,1,0,0,1,3,4,0,0,0.176,0.3,0.235,0.535
1718120408-51,https://www.milb.com/stats/?page=16,SYR,8,20,3,2,1,0,0,2,2,8,0,0,0.1,0.174,0.15,0.324
1718120408-52,https://www.milb.com/stats/?page=16,WOR,1,3,0,0,0,0,0,0,0,1,0,0,0,0,0,0
1718120408-53,https://www.milb.com/stats/?page=16,IND,8,27,3,6,1,0,0,2,4,3,1,1,0.222,0.323,0.259,0.582
1718120408-54,https://www.milb.com/stats/?page=16,NOR,2,5,1,2,1,0,0,0,0,3,0,0,0.4,0.4,0.6,1
1718120408-55,https://www.milb.com/stats/?page=16,SWB,19,69,9,10,1,0,0,5,17,25,4,1,0.145,0.314,0.159,0.473
1718120408-56,https://www.milb.com/stats/?page=16,IND,7,20,2,2,0,0,0,1,2,10,0,0,0.1,0.182,0.1,0.282
1718120408-57,https://www.milb.com/stats/?page=16,IND,9,30,4,5,0,0,0,3,3,10,2,0,0.167,0.229,0.167,0.396
1718120429-58,https://www.milb.com/stats/?page=15,GWN,39,142,16,35,4,0,0,18,16,17,5,0,0.246,0.319,0.275,0.594
1718120429-59,https://www.milb.com/stats/?page=15,LOU,4,16,3,4,3,0,0,2,2,3,0,0,0.25,0.333,0.438,0.771
1718120429-60,https://www.milb.com/stats/?page=15,JAX,5,19,2,2,0,1,0,0,2,7,0,0,0.105,0.19,0.211,0.401
1718120429-61,https://www.milb.com/stats/?page=15,ROC,25,82,8,15,1,0,0,5,13,30,1,0,0.183,0.295,0.195,0.49
1718120429-62,https://www.milb.com/stats/?page=15,WOR,2,6,1,2,0,0,0,2,3,1,0,0,0.333,0.556,0.333,0.889
1718120429-63,https://www.milb.com/stats/?page=15,IND,2,4,1,1,1,0,0,0,1,0,0,0,0.25,0.4,0.5,0.9
1718120429-64,https://www.milb.com/stats/?page=15,LHV,16,46,5,6,1,0,0,1,3,10,0,0,0.13,0.216,0.152,0.368
1718120429-65,https://www.milb.com/stats/?page=15,ROC,2,1,0,0,0,0,0,0,1,0,0,0,0,0.5,0,0.5
1718120429-66,https://www.milb.com/stats/?page=15,SWB,22,78,12,22,5,2,0,5,10,24,3,0,0.282,0.374,0.397,0.771
1718120429-67,https://www.milb.com/stats/?page=15,WOR,9,30,3,10,2,0,0,2,5,9,2,0,0.333,0.444,0.4,0.844
1718120429-68,https://www.milb.com/stats/?page=15,JAX,33,104,7,19,4,0,0,3,11,35,0,1,0.183,0.261,0.221,0.482
1718120429-69,https://www.milb.com/stats/?page=15,NOR,2,2,0,0,0,0,0,0,0,1,0,0,0,0,0,0
1718120429-70,https://www.milb.com/stats/?page=15,IOW,39,143,25,40,8,0,0,16,17,31,3,2,0.28,0.35,0.336,0.686
1718120429-71,https://www.milb.com/stats/?page=15,LOU,3,8,3,2,0,0,0,2,4,1,1,0,0.25,0.5,0.25,0.75
1718120429-72,https://www.milb.com/stats/?page=15,TOL,3,9,1,3,2,0,0,1,0,1,0,0,0.333,0.4,0.556,0.956
1718120429-73,https://www.milb.com/stats/?page=15,TOL,9,22,5,5,2,0,0,3,6,7,2,0,0.227,0.393,0.318,0.711
1718120429-74,https://www.milb.com/stats/?page=15,CLT,2,6,1,2,1,0,0,0,1,1,0,0,0.333,0.429,0.5,0.929
1718120429-75,https://www.milb.com/stats/?page=15,STP,3,10,3,4,0,0,0,0,3,2,0,0,0.4,0.538,0.4,0.938
1718120429-76,https://www.milb.com/stats/?page=15,IOW,2,5,0,0,0,0,0,0,0,0,0,0,0,0,0,0
1718120429-77,https://www.milb.com/stats/?page=15,SYR,11,34,3,3,1,0,0,2,3,13,0,0,0.088,0.162,0.118,0.28
1718120429-78,https://www.milb.com/stats/?page=15,COL,2,5,3,1,0,0,0,1,2,0,1,0,0.2,0.429,0.2,0.629
1718120429-79,https://www.milb.com/stats/?page=15,SWB,2,5,1,0,0,0,0,0,2,1,0,0,0,0.286,0,0.286
1718120429-80,https://www.milb.com/stats/?page=15,STP,4,14,1,3,0,0,0,1,2,4,0,0,0.214,0.313,0.214,0.527
1718120429-81,https://www.milb.com/stats/?page=15,TOL,12,46,3,10,2,0,0,2,4,19,4,0,0.217,0.308,0.261,0.569
1718120429-82,https://www.milb.com/stats/?page=15,STP,6,23,3,4,1,0,0,0,1,8,1,0,0.174,0.208,0.217,0.425
1718120433-83,https://www.milb.com/stats/?page=14,GWN,49,174,19,35,6,3,1,23,17,31,4,2,0.201,0.284,0.287,0.571
1718120433-84,https://www.milb.com/stats/?page=14,MEM,33,134,11,35,9,2,1,11,9,24,3,1,0.261,0.306,0.381,0.687
1718120433-85,https://www.milb.com/stats/?page=14,NAS,26,96,14,22,5,0,1,8,20,31,1,1,0.229,0.362,0.313,0.675
1718120433-86,https://www.milb.com/stats/?page=14,IND,4,7,1,2,1,0,1,1,0,2,0,1,0.286,0.286,0.857,1.143
1718120433-87,https://www.milb.com/stats/?page=14,GWN,2,7,2,2,1,0,1,2,0,4,0,0,0.286,0.286,0.857,1.143
1718120433-88,https://www.milb.com/stats/?page=14,IND,11,33,5,6,1,0,0,1,9,9,0,1,0.182,0.357,0.212,0.569
1718120433-89,https://www.milb.com/stats/?page=14,JAX,3,11,0,2,0,0,0,2,0,2,0,0,0.182,0.182,0.182,0.364
1718120433-90,https://www.milb.com/stats/?page=14,MEM,14,40,5,8,2,0,0,3,3,10,6,0,0.2,0.25,0.25,0.5
1718120433-91,https://www.milb.com/stats/?page=14,NAS,3,8,3,0,0,0,0,0,2,4,0,0,0,0.273,0,0.273
1718120433-92,https://www.milb.com/stats/?page=14,ROC,54,200,33,56,7,1,0,24,27,43,21,3,0.28,0.362,0.325,0.687
1718120433-93,https://www.milb.com/stats/?page=14,DUR,2,5,0,1,1,0,0,0,0,1,0,0,0.2,0.2,0.4,0.6
1718120433-94,https://www.milb.com/stats/?page=14,IOW,11,15,0,2,0,0,0,0,3,6,1,0,0.133,0.278,0.133,0.411
1718120433-95,https://www.milb.com/stats/?page=14,JAX,3,13,0,3,1,0,0,0,0,6,1,0,0.231,0.231,0.308,0.539
1718120433-96,https://www.milb.com/stats/?page=14,IND,15,40,2,11,5,0,0,6,4,20,0,0,0.275,0.383,0.4,0.783
1718120433-97,https://www.milb.com/stats/?page=14,JAX,3,11,2,3,0,0,0,1,2,2,0,0,0.273,0.385,0.273,0.658
1718120433-98,https://www.milb.com/stats/?page=14,STP,2,6,0,0,0,0,0,1,0,3,0,0,0,0,0,0
1718120433-99,https://www.milb.com/stats/?page=14,COL,5,19,5,4,0,0,0,4,2,3,0,0,0.211,0.304,0.211,0.515
1718120433-100,https://www.milb.com/stats/?page=14,IOW,14,43,2,9,3,0,0,4,11,14,2,0,0.209,0.37,0.279,0.649
1718120433-101,https://www.milb.com/stats/?page=14,BUF,2,7,0,2,1,0,0,1,1,1,0,0,0.286,0.375,0.429,0.804
1718120433-102,https://www.milb.com/stats/?page=14,IND,8,26,3,5,2,0,0,5,2,12,0,0,0.192,0.276,0.269,0.545
1718120433-103,https://www.milb.com/stats/?page=14,COL,1,1,0,0,0,0,0,0,0,0,0,0,0,0,0,0
1718120433-104,https://www.milb.com/stats/?page=14,SWB,4,10,2,1,0,0,0,1,2,3,0,0,0.1,0.308,0.1,0.408
1718120433-105,https://www.milb.com/stats/?page=14,DUR,2,4,0,1,1,0,0,1,1,2,0,0,0.25,0.4,0.5,0.9
1718120433-106,https://www.milb.com/stats/?page=14,JAX,13,52,4,19,4,1,0,3,4,4,3,0,0.365,0.411,0.481,0.892
1718120433-107,https://www.milb.com/stats/?page=14,LHV,1,2,0,0,0,0,0,0,0,2,0,0,0,0,0,0
1718120437-108,https://www.milb.com/stats/?page=13,STP,17,54,14,16,3,0,1,8,19,6,3,0,0.296,0.474,0.407,0.881
1718120437-109,https://www.milb.com/stats/?page=13,COL,10,32,6,8,1,0,1,4,8,5,1,1,0.25,0.415,0.375,0.79
1718120437-110,https://www.milb.com/stats/?page=13,BUF,20,59,10,9,2,0,1,3,2,22,0,0,0.153,0.219,0.237,0.456
1718120437-111,https://www.milb.com/stats/?page=13,STP,7,28,4,7,2,0,1,3,3,5,0,0,0.25,0.313,0.429,0.742
1718120437-112,https://www.milb.com/stats/?page=13,JAX,25,93,18,22,5,0,1,7,12,34,3,0,0.237,0.336,0.323,0.659
1718120437-113,https://www.milb.com/stats/?page=13,SYR,9,29,3,10,2,0,1,2,0,6,0,0,0.345,0.345,0.517,0.862
1718120437-114,https://www.milb.com/stats/?page=13,OMA,18,53,4,3,0,0,1,5,4,14,0,0,0.057,0.136,0.113,0.249
1718120437-115,https://www.milb.com/stats/?page=13,MEM,7,18,3,4,2,0,1,2,5,5,0,0,0.222,0.417,0.5,0.917
1718120437-116,https://www.milb.com/stats/?page=13,CLT,37,116,13,31,6,1,1,11,17,21,3,1,0.267,0.356,0.362,0.718
1718120437-117,https://www.milb.com/stats/?page=13,CLT,17,50,5,6,3,1,1,7,7,27,3,0,0.12,0.228,0.28,0.508
1718120437-118,https://www.milb.com/stats/?page=13,STP,51,164,34,35,12,1,1,6,39,41,5,1,0.213,0.384,0.317,0.701
1718120437-119,https://www.milb.com/stats/?page=13,TOL,8,33,8,7,2,2,1,5,4,6,4,0,0.212,0.297,0.485,0.782
1718120437-120,https://www.milb.com/stats/?page=13,CLT,12,44,5,14,2,0,1,3,4,11,1,0,0.318,0.38,0.432,0.812
1718120437-121,https://www.milb.com/stats/?page=13,WOR,4,12,3,4,1,0,1,1,1,5,0,0,0.333,0.385,0.667,1.052
1718120437-122,https://www.milb.com/stats/?page=13,MEM,45,156,23,40,10,2,1,19,22,46,0,0,0.256,0.366,0.365,0.731
1718120437-123,https://www.milb.com/stats/?page=13,CLT,5,20,3,2,0,0,1,3,0,6,0,0,0.1,0.182,0.25,0.432
1718120437-124,https://www.milb.com/stats/?page=13,LHV,13,39,5,12,3,0,1,7,5,11,1,0,0.308,0.386,0.462,0.848
1718120437-125,https://www.milb.com/stats/?page=13,NOR,44,141,19,31,7,0,1,11,20,46,12,3,0.22,0.315,0.291,0.606
1718120437-126,https://www.milb.com/stats/?page=13,IOW,8,28,8,5,0,0,1,2,4,8,0,0,0.179,0.343,0.286,0.629
1718120437-127,https://www.milb.com/stats/?page=13,WOR,8,29,7,11,0,0,1,5,2,4,2,0,0.379,0.424,0.483,0.907
1718120437-128,https://www.milb.com/stats/?page=13,COL,56,227,31,54,7,5,1,17,24,55,9,1,0.238,0.308,0.326,0.634
1718120437-129,https://www.milb.com/stats/?page=13,IND,7,28,3,7,0,1,1,2,1,13,0,0,0.25,0.276,0.429,0.705
1718120437-130,https://www.milb.com/stats/?page=13,TOL,6,24,8,8,3,0,1,4,4,5,0,0,0.333,0.429,0.583,1.012
1718120437-131,https://www.milb.com/stats/?page=13,SWB,25,78,8,18,6,0,1,11,12,31,1,2,0.231,0.33,0.346,0.676
1718120437-132,https://www.milb.com/stats/?page=13,DUR,15,34,4,5,1,0,1,2,2,9,1,0,0.147,0.194,0.265,0.459
1718120459-133,https://www.milb.com/stats/?page=12,CLT,2,8,1,2,0,0,1,1,0,3,0,0,0.25,0.25,0.625,0.875
1718120459-134,https://www.milb.com/stats/?page=12,IND,6,14,2,2,0,0,1,2,1,7,1,0,0.143,0.2,0.357,0.557
1718120459-135,https://www.milb.com/stats/?page=12,NAS,27,85,17,9,2,0,1,4,19,33,0,0,0.106,0.28,0.165,0.445
1718120459-136,https://www.milb.com/stats/?page=12,DUR,20,72,15,21,6,1,1,12,10,15,1,0,0.292,0.388,0.444,0.832
1718120459-137,https://www.milb.com/stats/?page=12,NAS,8,29,6,9,3,0,1,3,4,9,2,1,0.31,0.394,0.517,0.911
1718120459-138,https://www.milb.com/stats/?page=12,CLT,11,42,6,10,4,0,1,4,5,10,0,0,0.238,0.319,0.405,0.724
1718120459-139,https://www.milb.com/stats/?page=12,NOR,32,98,15,20,2,0,1,5,8,25,8,1,0.204,0.284,0.255,0.539
1718120459-140,https://www.milb.com/stats/?page=12,IND,19,67,8,16,3,1,1,8,6,16,0,1,0.239,0.301,0.358,0.659
1718120459-141,https://www.milb.com/stats/?page=12,GWN,27,100,18,32,6,2,1,14,9,21,4,0,0.32,0.374,0.45,0.824
1718120459-142,https://www.milb.com/stats/?page=12,SYR,7,25,2,6,0,0,1,1,2,10,0,0,0.24,0.321,0.36,0.681
1718120459-143,https://www.milb.com/stats/?page=12,IND,9,35,3,9,2,0,1,11,3,8,0,0,0.257,0.316,0.4,0.716
1718120459-144,https://www.milb.com/stats/?page=12,SWB,17,57,8,13,2,0,1,7,6,11,0,1,0.228,0.302,0.316,0.618
1718120459-145,https://www.milb.com/stats/?page=12,WOR,32,91,10,21,3,0,1,8,7,25,7,3,0.231,0.293,0.297,0.59
1718120459-146,https://www.milb.com/stats/?page=12,CLT,32,104,11,21,3,0,1,4,20,54,1,0,0.202,0.344,0.26,0.604
1718120459-147,https://www.milb.com/stats/?page=12,NOR,26,86,15,18,3,0,1,9,14,28,6,1,0.209,0.34,0.279,0.619
1718120459-148,https://www.milb.com/stats/?page=12,DUR,6,19,2,2,0,0,1,2,4,10,0,0,0.105,0.292,0.263,0.555
1718120459-149,https://www.milb.com/stats/?page=12,NAS,52,179,24,45,5,2,1,23,27,34,7,5,0.251,0.357,0.318,0.675
1718120459-150,https://www.milb.com/stats/?page=12,BUF,4,13,2,4,1,0,1,6,1,4,0,0,0.308,0.357,0.615,0.972
1718120459-151,https://www.milb.com/stats/?page=12,STP,6,24,1,3,0,0,1,1,2,8,0,0,0.125,0.192,0.25,0.442
1718120459-152,https://www.milb.com/stats/?page=12,NAS,13,39,4,10,2,0,1,10,2,5,0,0,0.256,0.326,0.385,0.711
1718120459-153,https://www.milb.com/stats/?page=12,IND,18,56,6,9,2,0,1,5,3,26,0,0,0.161,0.203,0.25,0.453
1718120459-154,https://www.milb.com/stats/?page=12,TOL,9,25,2,4,0,0,1,5,2,12,1,0,0.16,0.276,0.28,0.556
1718120459-155,https://www.milb.com/stats/?page=12,ROC,29,93,11,24,7,0,1,17,11,24,0,0,0.258,0.34,0.366,0.706
1718120459-156,https://www.milb.com/stats/?page=12,LHV,9,32,2,7,1,0,1,5,7,8,0,0,0.219,0.35,0.344,0.694
1718120459-157,https://www.milb.com/stats/?page=12,WOR,4,13,3,2,1,0,1,2,1,8,0,0,0.154,0.267,0.462,0.729
1718120482-158,https://www.milb.com/stats/?page=11,NOR,22,79,4,17,2,0,2,13,5,27,0,0,0.215,0.287,0.316,0.603
1718120482-159,https://www.milb.com/stats/?page=11,NAS,29,115,15,23,7,2,2,16,4,48,2,0,0.2,0.227,0.348,0.575
1718120482-160,https://www.milb.com/stats/?page=11,WOR,39,119,14,22,4,0,2,13,13,34,8,1,0.185,0.269,0.269,0.538
1718120482-161,https://www.milb.com/stats/?page=11,JAX,41,160,21,51,12,4,2,23,17,10,4,3,0.319,0.378,0.481,0.859
1718120482-162,https://www.milb.com/stats/?page=11,SYR,28,83,12,20,7,1,2,14,6,25,0,0,0.241,0.297,0.422,0.719
1718120482-163,https://www.milb.com/stats/?page=11,BUF,27,90,12,26,4,0,2,9,18,30,0,0,0.289,0.407,0.4,0.807
1718120482-164,https://www.milb.com/stats/?page=11,DUR,21,80,10,21,3,0,2,11,8,26,1,0,0.263,0.337,0.375,0.712
1718120482-165,https://www.milb.com/stats/?page=11,SWB,35,113,15,26,7,0,2,14,9,43,7,0,0.23,0.291,0.345,0.636
1718120482-166,https://www.milb.com/stats/?page=11,IND,46,157,24,36,9,2,2,16,32,50,6,0,0.229,0.36,0.35,0.71
1718120482-167,https://www.milb.com/stats/?page=11,LOU,38,139,16,42,10,0,2,20,20,29,2,1,0.302,0.396,0.417,0.813
1718120482-168,https://www.milb.com/stats/?page=11,NOR,17,59,11,16,3,0,2,12,9,19,1,2,0.271,0.377,0.424,0.801
1718120482-169,https://www.milb.com/stats/?page=11,STP,35,126,7,22,6,0,2,14,7,46,0,0,0.175,0.216,0.27,0.486
1718120482-170,https://www.milb.com/stats/?page=11,WOR,5,19,5,7,1,0,2,6,4,3,1,0,0.368,0.478,0.737,1.215
1718120482-171,https://www.milb.com/stats/?page=11,NAS,41,134,21,30,6,2,2,18,12,40,6,4,0.224,0.314,0.343,0.657
1718120482-172,https://www.milb.com/stats/?page=11,NAS,20,71,10,16,2,0,2,7,5,16,1,1,0.225,0.291,0.338,0.629
1718120482-173,https://www.milb.com/stats/?page=11,SYR,3,11,1,3,0,0,1,3,1,4,0,0,0.273,0.308,0.545,0.853
1718120482-174,https://www.milb.com/stats/?page=11,ROC,24,85,13,19,4,0,1,8,9,13,3,0,0.224,0.292,0.306,0.598
1718120482-175,https://www.milb.com/stats/?page=11,JAX,2,9,5,4,0,0,1,2,1,1,0,0,0.444,0.5,0.778,1.278
1718120482-176,https://www.milb.com/stats/?page=11,DUR,15,58,6,13,0,0,1,6,1,14,1,1,0.224,0.27,0.276,0.546
1718120482-177,https://www.milb.com/stats/?page=11,NOR,5,21,3,6,1,0,1,3,1,6,1,0,0.286,0.318,0.476,0.794
1718120482-178,https://www.milb.com/stats/?page=11,NAS,17,52,8,10,1,2,1,7,14,20,0,2,0.192,0.373,0.346,0.719
1718120482-179,https://www.milb.com/stats/?page=11,MEM,4,11,2,3,0,0,1,1,3,2,0,0,0.273,0.467,0.545,1.012
1718120482-180,https://www.milb.com/stats/?page=11,GWN,11,38,3,8,1,0,1,4,1,17,0,0,0.211,0.231,0.316,0.547
1718120482-181,https://www.milb.com/stats/?page=11,LHV,2,6,1,1,0,0,1,3,1,2,0,0,0.167,0.286,0.667,0.953
1718120482-182,https://www.milb.com/stats/?page=11,COL,30,91,13,25,6,1,1,10,8,16,9,1,0.275,0.35,0.396,0.746
1718120504-183,https://www.milb.com/stats/?page=10,LHV,24,76,9,18,5,1,2,8,2,21,3,1,0.237,0.256,0.408,0.664
1718120504-184,https://www.milb.com/stats/?page=10,WOR,5,18,3,3,0,0,2,2,2,6,0,1,0.167,0.25,0.5,0.75
1718120504-185,https://www.milb.com/stats/?page=10,WOR,25,79,13,18,2,0,2,11,17,17,4,0,0.228,0.386,0.329,0.715
1718120504-186,https://www.milb.com/stats/?page=10,DUR,46,152,20,37,6,1,2,11,12,36,3,2,0.243,0.315,0.336,0.651
1718120504-187,https://www.milb.com/stats/?page=10,IND,15,45,6,11,1,1,2,6,3,16,2,2,0.244,0.3,0.444,0.744
1718120504-188,https://www.milb.com/stats/?page=10,JAX,62,247,29,64,17,0,2,28,17,45,5,2,0.259,0.325,0.352,0.677
1718120504-189,https://www.milb.com/stats/?page=10,ROC,44,146,26,38,7,0,2,17,21,31,1,1,0.26,0.357,0.349,0.706
1718120504-190,https://www.milb.com/stats/?page=10,WOR,23,56,10,10,1,0,2,9,11,23,2,0,0.179,0.365,0.304,0.669
1718120504-191,https://www.milb.com/stats/?page=10,BUF,52,172,21,47,9,0,2,16,22,43,6,3,0.273,0.357,0.36,0.717
1718120504-192,https://www.milb.com/stats/?page=10,GWN,10,44,6,14,2,1,2,8,3,15,0,0,0.318,0.354,0.545,0.899
1718120504-193,https://www.milb.com/stats/?page=10,GWN,51,185,24,53,10,0,2,20,17,29,11,3,0.286,0.364,0.373,0.737
1718120504-194,https://www.milb.com/stats/?page=10,JAX,7,27,5,15,4,0,2,6,3,2,0,1,0.556,0.6,0.926,1.526
1718120504-195,https://www.milb.com/stats/?page=10,DUR,6,17,3,4,1,0,2,8,4,9,0,0,0.235,0.381,0.647,1.028
1718120504-196,https://www.milb.com/stats/?page=10,WOR,4,11,7,4,2,0,2,4,1,1,1,0,0.364,0.533,1.091,1.624
1718120504-197,https://www.milb.com/stats/?page=10,DUR,26,96,10,27,1,1,2,15,5,22,2,2,0.281,0.324,0.375,0.699
1718120504-198,https://www.milb.com/stats/?page=10,OMA,7,30,8,13,5,0,2,10,2,2,0,0,0.433,0.469,0.8,1.269
1718120504-199,https://www.milb.com/stats/?page=10,NOR,12,45,8,11,3,0,2,5,6,10,3,0,0.244,0.333,0.444,0.777
1718120504-200,https://www.milb.com/stats/?page=10,IND,27,85,13,22,5,0,2,13,14,26,0,3,0.259,0.369,0.388,0.757
1718120504-201,https://www.milb.com/stats/?page=10,WOR,55,195,37,55,10,0,2,24,48,27,10,4,0.282,0.437,0.364,0.801
1718120504-202,https://www.milb.com/stats/?page=10,NAS,30,114,19,37,5,2,2,15,14,23,1,2,0.325,0.392,0.456,0.848
1718120504-203,https://www.milb.com/stats/?page=10,GWN,4,18,4,5,1,0,2,4,1,4,0,0,0.278,0.316,0.667,0.983
1718120504-204,https://www.milb.com/stats/?page=10,COL,28,85,16,18,5,1,2,8,23,31,1,0,0.212,0.38,0.365,0.745
1718120504-205,https://www.milb.com/stats/?page=10,IND,53,197,33,54,13,2,2,34,24,51,5,2,0.274,0.344,0.391,0.735
1718120504-206,https://www.milb.com/stats/?page=10,IOW,20,69,10,15,3,0,2,8,12,13,1,1,0.217,0.341,0.348,0.689
1718120504-207,https://www.milb.com/stats/?page=10,JAX,22,76,11,21,4,0,2,5,14,20,0,0,0.276,0.396,0.408,0.804
1718120526-208,https://www.milb.com/stats/?page=9,IOW,9,27,9,11,4,0,3,10,8,12,0,0,0.407,0.528,0.889,1.417
1718120526-209,https://www.milb.com/stats/?page=9,DUR,17,63,10,14,1,0,2,7,12,27,0,0,0.222,0.355,0.333,0.688
1718120526-210,https://www.milb.com/stats/?page=9,SYR,2,10,2,3,0,0,2,3,0,2,0,0,0.3,0.3,0.9,1.2
1718120526-211,https://www.milb.com/stats/?page=9,TOL,23,74,13,19,8,0,2,10,14,17,0,0,0.257,0.382,0.446,0.828
1718120526-212,https://www.milb.com/stats/?page=9,CLT,37,110,18,33,5,1,2,13,4,18,10,1,0.3,0.325,0.418,0.743
1718120526-213,https://www.milb.com/stats/?page=9,TOL,55,195,24,46,14,1,2,22,23,44,6,2,0.236,0.323,0.349,0.672
1718120526-214,https://www.milb.com/stats/?page=9,GWN,19,61,9,12,1,1,2,9,8,22,0,0,0.197,0.282,0.344,0.626
1718120526-215,https://www.milb.com/stats/?page=9,SWB,11,35,4,5,0,0,2,5,2,15,0,0,0.143,0.189,0.314,0.503
1718120526-216,https://www.milb.com/stats/?page=9,MEM,4,13,3,3,0,0,2,3,4,6,0,0,0.231,0.412,0.692,1.104
1718120526-217,https://www.milb.com/stats/?page=9,IOW,23,69,13,25,7,0,2,11,15,16,0,0,0.362,0.489,0.551,1.04
1718120526-218,https://www.milb.com/stats/?page=9,IND,46,160,28,46,8,0,2,19,22,37,8,1,0.288,0.377,0.375,0.752
1718120526-219,https://www.milb.com/stats/?page=9,DUR,14,41,6,12,3,0,2,7,9,15,2,1,0.293,0.431,0.512,0.943
1718120526-220,https://www.milb.com/stats/?page=9,JAX,41,140,15,31,5,1,2,10,21,51,6,1,0.221,0.347,0.314,0.661
1718120526-221,https://www.milb.com/stats/?page=9,BUF,23,57,10,13,1,0,2,6,8,17,1,0,0.228,0.348,0.351,0.699
1718120526-222,https://www.milb.com/stats/?page=9,CLT,44,160,28,45,6,1,2,21,21,42,10,2,0.281,0.37,0.369,0.739
1718120526-223,https://www.milb.com/stats/?page=9,DUR,6,20,6,6,1,0,2,6,4,1,1,0,0.3,0.44,0.65,1.09
1718120526-224,https://www.milb.com/stats/?page=9,COL,27,77,8,13,2,1,2,8,16,24,2,1,0.169,0.312,0.299,0.611
1718120526-225,https://www.milb.com/stats/?page=9,CLT,32,102,13,32,4,0,2,18,12,25,4,2,0.314,0.386,0.412,0.798
1718120526-226,https://www.milb.com/stats/?page=9,SWB,5,20,5,10,3,0,2,2,0,3,1,0,0.5,0.5,0.95,1.45
1718120526-227,https://www.milb.com/stats/?page=9,MEM,18,52,9,8,1,0,2,10,9,19,1,0,0.154,0.279,0.288,0.567
1718120526-228,https://www.milb.com/stats/?page=9,OMA,50,169,22,29,12,1,2,21,25,66,3,0,0.172,0.282,0.29,0.572
1718120526-229,https://www.milb.com/stats/?page=9,MEM,25,85,10,16,3,0,2,6,8,33,0,0,0.188,0.253,0.294,0.547
1718120526-230,https://www.milb.com/stats/?page=9,LOU,52,173,28,42,8,0,2,20,7,38,3,0,0.243,0.269,0.324,0.593
1718120526-231,https://www.milb.com/stats/?page=9,CLT,3,10,3,4,1,0,2,5,2,2,0,0,0.4,0.5,1.1,1.6
1718120526-232,https://www.milb.com/stats/?page=9,GWN,32,120,11,33,8,1,2,16,17,24,2,0,0.275,0.367,0.408,0.775
1718120532-233,https://www.milb.com/stats/?page=8,LHV,39,130,14,21,5,0,3,14,7,51,3,0,0.162,0.209,0.269,0.478
1718120532-234,https://www.milb.com/stats/?page=8,SWB,28,103,17,31,6,1,3,14,8,27,2,0,0.301,0.363,0.466,0.829
1718120532-235,https://www.milb.com/stats/?page=8,WOR,10,39,7,13,1,2,3,13,3,7,2,2,0.333,0.386,0.692,1.078
1718120532-236,https://www.milb.com/stats/?page=8,DUR,9,38,11,12,2,0,3,12,6,10,1,0,0.316,0.422,0.605,1.027
1718120532-237,https://www.milb.com/stats/?page=8,NOR,42,142,15,34,9,1,3,16,20,34,4,2,0.239,0.349,0.38,0.729
1718120532-238,https://www.milb.com/stats/?page=8,BUF,24,86,12,21,4,0,3,17,7,17,0,0,0.244,0.309,0.395,0.704
1718120532-239,https://www.milb.com/stats/?page=8,SYR,21,60,8,12,3,0,3,9,11,25,3,0,0.2,0.342,0.4,0.742
1718120532-240,https://www.milb.com/stats/?page=8,NOR,9,36,6,9,2,0,3,5,0,12,0,0,0.25,0.27,0.556,0.826
1718120532-241,https://www.milb.com/stats/?page=8,TOL,39,141,25,33,12,0,3,14,19,39,2,1,0.234,0.331,0.383,0.714
1718120532-242,https://www.milb.com/stats/?page=8,LHV,37,114,18,32,10,0,3,15,11,25,9,0,0.281,0.354,0.447,0.801
1718120532-243,https://www.milb.com/stats/?page=8,GWN,38,113,9,25,3,0,3,17,25,35,0,0,0.221,0.362,0.327,0.689
1718120532-244,https://www.milb.com/stats/?page=8,DUR,13,51,7,13,0,1,3,13,4,24,0,0,0.255,0.309,0.471,0.78
1718120532-245,https://www.milb.com/stats/?page=8,GWN,45,170,25,45,9,2,3,12,16,49,14,6,0.265,0.337,0.394,0.731
1718120532-246,https://www.milb.com/stats/?page=8,IOW,26,100,19,20,7,0,3,12,16,24,4,0,0.2,0.31,0.36,0.67
1718120532-247,https://www.milb.com/stats/?page=8,LHV,47,167,21,38,8,2,3,19,12,36,4,1,0.228,0.282,0.353,0.635
1718120532-248,https://www.milb.com/stats/?page=8,SWB,5,18,7,8,3,0,3,9,5,6,1,0,0.444,0.565,1.111,1.676
1718120532-249,https://www.milb.com/stats/?page=8,MEM,39,148,18,30,3,1,3,10,16,23,16,3,0.203,0.287,0.297,0.584
1718120532-250,https://www.milb.com/stats/?page=8,LHV,52,145,27,35,9,3,3,19,29,32,13,1,0.241,0.366,0.407,0.773
1718120532-251,https://www.milb.com/stats/?page=8,IOW,13,42,10,10,2,0,3,7,7,21,0,1,0.238,0.347,0.5,0.847
1718120532-252,https://www.milb.com/stats/?page=8,IOW,36,115,14,30,10,0,3,19,17,25,0,0,0.261,0.361,0.426,0.787
1718120532-253,https://www.milb.com/stats/?page=8,BUF,11,36,7,13,3,0,3,7,7,8,2,0,0.361,0.477,0.694,1.171
1718120532-254,https://www.milb.com/stats/?page=8,SWB,37,106,17,22,7,0,3,18,21,34,2,1,0.208,0.351,0.358,0.709
1718120532-255,https://www.milb.com/stats/?page=8,IOW,43,159,23,40,10,0,3,13,16,43,1,2,0.252,0.341,0.371,0.712
1718120532-256,https://www.milb.com/stats/?page=8,GWN,35,127,24,36,8,0,3,16,21,40,13,1,0.283,0.399,0.417,0.816
1718120532-257,https://www.milb.com/stats/?page=8,STP,35,118,17,20,7,0,3,11,21,41,1,0,0.169,0.3,0.305,0.605
1718120536-258,https://www.milb.com/stats/?page=7,LHV,44,126,17,24,4,0,4,22,23,39,1,0,0.19,0.325,0.317,0.642
1718120536-259,https://www.milb.com/stats/?page=7,MEM,41,135,16,25,6,0,4,18,11,35,0,0,0.185,0.247,0.319,0.566
1718120536-260,https://www.milb.com/stats/?page=7,SYR,14,45,9,14,0,0,4,13,7,11,3,0,0.311,0.404,0.578,0.982
1718120536-261,https://www.milb.com/stats/?page=7,SWB,43,169,25,48,12,0,4,29,13,38,2,2,0.284,0.342,0.426,0.768
1718120536-262,https://www.milb.com/stats/?page=7,DUR,20,68,11,18,4,1,4,12,13,27,0,0,0.265,0.383,0.529,0.912
1718120536-263,https://www.milb.com/stats/?page=7,SYR,47,145,22,27,6,0,4,19,21,34,3,0,0.186,0.298,0.31,0.608
1718120536-264,https://www.milb.com/stats/?page=7,COL,30,110,18,25,8,0,4,16,20,32,1,0,0.227,0.346,0.409,0.755
1718120536-265,https://www.milb.com/stats/?page=7,GWN,40,154,27,43,6,2,4,13,26,51,7,5,0.279,0.39,0.422,0.812
1718120536-266,https://www.milb.com/stats/?page=7,LOU,27,92,10,24,4,0,4,17,8,24,0,0,0.261,0.317,0.435,0.752
1718120536-267,https://www.milb.com/stats/?page=7,SYR,59,250,48,61,8,4,3,17,18,49,22,8,0.244,0.299,0.344,0.643
1718120536-268,https://www.milb.com/stats/?page=7,ROC,5,21,6,9,0,0,3,5,1,3,0,0,0.429,0.455,0.857,1.312
1718120536-269,https://www.milb.com/stats/?page=7,SWB,34,108,20,26,4,2,3,13,17,32,8,1,0.241,0.369,0.398,0.767
1718120536-270,https://www.milb.com/stats/?page=7,DUR,25,86,11,23,3,0,3,9,6,18,0,0,0.267,0.337,0.407,0.744
1718120536-271,https://www.milb.com/stats/?page=7,STP,15,57,9,15,3,0,3,13,6,15,1,0,0.263,0.354,0.474,0.828
1718120536-272,https://www.milb.com/stats/?page=7,NAS,54,204,29,48,10,1,3,18,25,50,5,1,0.235,0.316,0.338,0.654
1718120536-273,https://www.milb.com/stats/?page=7,STP,50,164,28,48,8,2,3,23,29,26,6,2,0.293,0.401,0.421,0.822
1718120536-274,https://www.milb.com/stats/?page=7,NAS,21,81,7,18,2,0,3,11,5,37,1,0,0.222,0.27,0.358,0.628
1718120536-275,https://www.milb.com/stats/?page=7,LHV,23,93,17,23,5,1,3,16,9,19,3,1,0.247,0.327,0.419,0.746
1718120536-276,https://www.milb.com/stats/?page=7,ROC,26,77,16,23,4,1,3,12,11,21,5,0,0.299,0.389,0.494,0.883
1718120536-277,https://www.milb.com/stats/?page=7,WOR,56,185,30,39,10,3,3,25,26,67,15,3,0.211,0.323,0.346,0.669
1718120536-278,https://www.milb.com/stats/?page=7,SYR,25,76,13,19,4,0,3,15,13,12,1,1,0.25,0.356,0.421,0.777
1718120536-279,https://www.milb.com/stats/?page=7,JAX,46,158,18,37,3,0,3,19,12,28,2,2,0.234,0.309,0.31,0.619
1718120536-280,https://www.milb.com/stats/?page=7,JAX,18,64,11,18,3,1,3,9,4,16,2,0,0.281,0.338,0.5,0.838
1718120536-281,https://www.milb.com/stats/?page=7,SWB,47,177,34,53,17,1,3,36,30,21,20,2,0.299,0.413,0.458,0.871
1718120536-282,https://www.milb.com/stats/?page=7,ROC,8,28,8,4,1,0,3,7,8,11,0,0,0.143,0.333,0.5,0.833
1718120558-283,https://www.milb.com/stats/?page=6,SWB,30,111,17,31,6,0,5,19,10,29,1,1,0.279,0.339,0.468,0.807
1718120558-284,https://www.milb.com/stats/?page=6,LOU,41,141,19,27,9,1,5,15,16,52,4,0,0.191,0.277,0.376,0.653
1718120558-285,https://www.milb.com/stats/?page=6,CLT,26,79,10,16,2,1,5,7,12,30,0,0,0.203,0.315,0.443,0.758
1718120558-286,https://www.milb.com/stats/?page=6,WOR,49,165,25,44,13,0,5,29,24,37,2,1,0.267,0.364,0.436,0.8
1718120558-287,https://www.milb.com/stats/?page=6,GWN,28,114,15,31,10,0,5,22,9,37,9,1,0.272,0.323,0.491,0.814
1718120558-288,https://www.milb.com/stats/?page=6,IND,30,108,17,26,2,1,4,12,6,27,2,0,0.241,0.284,0.389,0.673
1718120558-289,https://www.milb.com/stats/?page=6,IND,27,98,23,36,4,1,4,15,21,34,7,3,0.367,0.479,0.551,1.03
1718120558-290,https://www.milb.com/stats/?page=6,JAX,42,157,18,32,7,1,4,17,13,54,0,0,0.204,0.266,0.338,0.604
1718120558-291,https://www.milb.com/stats/?page=6,CLT,31,111,17,26,3,0,4,11,6,30,3,1,0.234,0.274,0.369,0.643
1718120558-292,https://www.milb.com/stats/?page=6,SYR,26,84,7,16,2,0,4,12,17,29,0,0,0.19,0.317,0.357,0.674
1718120558-293,https://www.milb.com/stats/?page=6,MEM,19,56,5,9,4,0,4,10,5,12,0,0,0.161,0.242,0.446,0.688
1718120558-294,https://www.milb.com/stats/?page=6,NOR,41,157,23,44,8,1,4,23,22,37,8,3,0.28,0.382,0.42,0.802
1718120558-295,https://www.milb.com/stats/?page=6,LOU,44,148,29,33,7,2,4,22,24,55,9,0,0.223,0.348,0.378,0.726
1718120558-296,https://www.milb.com/stats/?page=6,MEM,34,108,13,34,5,1,4,10,13,11,1,1,0.315,0.39,0.491,0.881
1718120558-297,https://www.milb.com/stats/?page=6,BUF,52,162,20,33,6,0,4,22,21,42,20,4,0.204,0.294,0.315,0.609
1718120558-298,https://www.milb.com/stats/?page=6,STP,33,105,16,24,2,0,4,17,6,34,3,3,0.229,0.274,0.362,0.636
1718120558-299,https://www.milb.com/stats/?page=6,IND,30,120,33,43,14,2,4,19,13,24,0,3,0.358,0.431,0.608,1.039
1718120558-300,https://www.milb.com/stats/?page=6,BUF,57,212,41,71,22,2,4,38,44,41,3,3,0.335,0.456,0.514,0.97
1718120558-301,https://www.milb.com/stats/?page=6,IND,50,180,23,57,13,0,4,31,25,39,0,0,0.317,0.402,0.456,0.858
1718120558-302,https://www.milb.com/stats/?page=6,OMA,24,94,17,29,8,0,4,15,14,16,3,1,0.309,0.409,0.521,0.93
1718120558-303,https://www.milb.com/stats/?page=6,LOU,13,37,10,11,2,0,4,5,11,9,0,0,0.297,0.46,0.676,1.136
1718120558-304,https://www.milb.com/stats/?page=6,ROC,31,94,19,21,2,0,4,14,16,17,7,0,0.223,0.33,0.372,0.702
1718120558-305,https://www.milb.com/stats/?page=6,NAS,41,160,20,41,7,1,4,29,15,31,1,0,0.256,0.322,0.388,0.71
1718120558-306,https://www.milb.com/stats/?page=6,CLT,31,90,18,22,4,1,4,18,23,24,7,2,0.244,0.388,0.444,0.832
1718120558-307,https://www.milb.com/stats/?page=6,CLT,52,183,26,48,12,0,4,25,16,18,1,0,0.262,0.322,0.393,0.715
1718120562-308,https://www.milb.com/stats/?page=5,COL,40,145,22,37,7,1,6,22,11,35,3,1,0.255,0.312,0.441,0.753
1718120562-309,https://www.milb.com/stats/?page=5,LOU,48,160,24,32,7,1,6,25,11,32,3,0,0.2,0.253,0.369,0.622
1718120562-310,https://www.milb.com/stats/?page=5,CLT,39,138,16,34,4,0,6,25,9,34,0,2,0.246,0.291,0.406,0.697
1718120562-311,https://www.milb.com/stats/?page=5,DUR,55,206,33,55,13,1,6,26,12,44,6,2,0.267,0.309,0.427,0.736
1718120562-312,https://www.milb.com/stats/?page=5,CLT,16,67,13,19,5,0,6,14,8,14,0,1,0.284,0.355,0.627,0.982
1718120562-313,https://www.milb.com/stats/?page=5,WOR,20,74,12,17,4,0,6,10,15,27,3,0,0.23,0.36,0.527,0.887
1718120562-314,https://www.milb.com/stats/?page=5,SYR,31,116,21,33,5,1,6,30,16,38,0,0,0.284,0.376,0.5,0.876
1718120562-315,https://www.milb.com/stats/?page=5,TOL,45,137,22,41,10,0,6,27,17,40,11,3,0.299,0.383,0.504,0.887
1718120562-316,https://www.milb.com/stats/?page=5,MEM,48,146,25,37,6,2,6,24,29,31,4,4,0.253,0.398,0.445,0.843
1718120562-317,https://www.milb.com/stats/?page=5,CLT,46,160,25,39,7,2,5,21,28,38,6,2,0.244,0.358,0.406,0.764
1718120562-318,https://www.milb.com/stats/?page=5,IOW,26,110,22,28,9,2,5,14,6,32,10,0,0.255,0.299,0.509,0.808
1718120562-319,https://www.milb.com/stats/?page=5,ROC,55,168,35,43,7,2,5,20,36,29,6,2,0.256,0.397,0.411,0.808
1718120562-320,https://www.milb.com/stats/?page=5,GWN,51,176,17,39,3,0,5,18,20,36,1,0,0.222,0.305,0.324,0.629
1718120562-321,https://www.milb.com/stats/?page=5,LHV,43,170,19,44,5,0,5,25,14,44,0,1,0.259,0.319,0.376,0.695
1718120562-322,https://www.milb.com/stats/?page=5,LOU,55,211,24,55,17,0,5,29,21,64,0,1,0.261,0.333,0.412,0.745
1718120562-323,https://www.milb.com/stats/?page=5,STP,29,78,21,20,4,1,5,16,12,24,9,2,0.256,0.404,0.526,0.93
1718120562-324,https://www.milb.com/stats/?page=5,STP,40,136,16,31,7,0,5,20,20,28,2,1,0.228,0.325,0.39,0.715
1718120562-325,https://www.milb.com/stats/?page=5,LOU,43,156,23,48,7,1,5,23,17,32,5,2,0.308,0.388,0.462,0.85
1718120562-326,https://www.milb.com/stats/?page=5,STP,33,116,18,29,3,0,5,15,15,22,4,0,0.25,0.346,0.405,0.751
1718120562-327,https://www.milb.com/stats/?page=5,COL,37,128,22,33,6,1,5,18,17,30,8,4,0.258,0.362,0.438,0.8
1718120562-328,https://www.milb.com/stats/?page=5,NOR,34,123,18,34,6,0,5,25,13,34,0,1,0.276,0.345,0.447,0.792
1718120562-329,https://www.milb.com/stats/?page=5,DUR,29,107,19,30,6,1,5,15,10,25,2,2,0.28,0.358,0.495,0.853
1718120562-330,https://www.milb.com/stats/?page=5,ROC,30,107,11,33,6,0,5,22,8,16,5,1,0.308,0.353,0.505,0.858
1718120562-331,https://www.milb.com/stats/?page=5,LHV,39,115,23,24,3,0,5,18,19,45,1,1,0.209,0.336,0.365,0.701
1718120562-332,https://www.milb.com/stats/?page=5,IOW,32,111,17,33,6,0,5,17,15,32,10,1,0.297,0.392,0.486,0.878
1718120566-333,https://www.milb.com/stats/?page=4,BUF,46,147,22,32,7,0,7,29,22,55,2,1,0.218,0.326,0.408,0.734
1718120566-334,https://www.milb.com/stats/?page=4,MEM,55,206,32,47,10,1,7,28,15,52,5,3,0.228,0.299,0.388,0.687
1718120566-335,https://www.milb.com/stats/?page=4,OMA,50,188,41,52,14,2,7,33,20,57,9,5,0.277,0.35,0.484,0.834
1718120566-336,https://www.milb.com/stats/?page=4,TOL,40,150,28,38,7,4,6,22,25,40,16,5,0.253,0.36,0.473,0.833
1718120566-337,https://www.milb.com/stats/?page=4,BUF,53,155,33,46,5,1,6,25,20,46,27,7,0.297,0.381,0.458,0.839
1718120566-338,https://www.milb.com/stats/?page=4,IOW,55,196,25,56,13,1,6,33,39,67,5,2,0.286,0.412,0.454,0.866
1718120566-339,https://www.milb.com/stats/?page=4,NAS,55,194,42,56,18,3,6,40,34,41,9,3,0.289,0.402,0.505,0.907
1718120566-340,https://www.milb.com/stats/?page=4,SWB,44,145,28,36,9,3,6,23,20,48,6,3,0.248,0.347,0.476,0.823
1718120566-341,https://www.milb.com/stats/?page=4,OMA,40,144,28,46,15,0,6,30,11,32,9,1,0.319,0.368,0.549,0.917
1718120566-342,https://www.milb.com/stats/?page=4,MEM,32,104,27,36,10,0,6,20,19,5,10,0,0.346,0.461,0.615,1.076
1718120566-343,https://www.milb.com/stats/?page=4,LOU,24,91,15,27,4,0,6,15,12,20,2,0,0.297,0.381,0.538,0.919
1718120566-344,https://www.milb.com/stats/?page=4,SYR,37,127,27,39,10,1,6,21,26,37,0,0,0.307,0.419,0.543,0.962
1718120566-345,https://www.milb.com/stats/?page=4,TOL,49,177,27,41,10,1,6,24,21,56,0,0,0.232,0.312,0.401,0.713
1718120566-346,https://www.milb.com/stats/?page=4,BUF,47,143,32,38,5,0,6,18,27,30,2,0,0.266,0.41,0.427,0.837
1718120566-347,https://www.milb.com/stats/?page=4,BUF,44,171,25,57,7,0,6,27,19,29,4,2,0.333,0.406,0.48,0.886
1718120566-348,https://www.milb.com/stats/?page=4,TOL,45,150,23,38,15,0,6,27,39,52,3,3,0.253,0.41,0.473,0.883
1718120566-349,https://www.milb.com/stats/?page=4,OMA,46,151,31,45,9,0,6,27,29,43,2,0,0.298,0.422,0.477,0.899
1718120566-350,https://www.milb.com/stats/?page=4,TOL,26,104,17,28,5,2,6,15,14,25,11,2,0.269,0.361,0.529,0.89
1718120566-351,https://www.milb.com/stats/?page=4,SWB,49,173,30,44,12,0,6,34,35,56,4,0,0.254,0.384,0.428,0.812
1718120566-352,https://www.milb.com/stats/?page=4,TOL,46,156,26,41,11,2,6,23,20,43,10,5,0.263,0.347,0.474,0.821
1718120566-353,https://www.milb.com/stats/?page=4,IND,56,194,22,50,8,0,6,29,21,42,0,0,0.258,0.332,0.392,0.724
1718120566-354,https://www.milb.com/stats/?page=4,OMA,31,98,13,22,5,0,6,22,13,25,0,0,0.224,0.31,0.459,0.769
1718120566-355,https://www.milb.com/stats/?page=4,DUR,55,181,30,45,11,2,6,27,28,48,6,3,0.249,0.358,0.431,0.789
1718120566-356,https://www.milb.com/stats/?page=4,DUR,21,81,12,15,3,0,6,14,6,34,0,0,0.185,0.247,0.444,0.691
1718120566-357,https://www.milb.com/stats/?page=4,OMA,31,108,22,36,9,1,6,22,22,31,1,0,0.333,0.444,0.602,1.046
1718120587-358,https://www.milb.com/stats/?page=3,WOR,26,102,19,25,5,0,8,21,13,40,0,0,0.245,0.33,0.529,0.859
1718120587-359,https://www.milb.com/stats/?page=3,TOL,41,146,24,45,9,0,8,28,13,34,4,0,0.308,0.364,0.534,0.898
1718120587-360,https://www.milb.com/stats/?page=3,WOR,51,187,28,40,8,1,8,31,28,72,1,0,0.214,0.318,0.396,0.714
1718120587-361,https://www.milb.com/stats/?page=3,STP,46,182,31,55,11,4,8,43,27,50,16,3,0.302,0.39,0.538,0.928
1718120587-362,https://www.milb.com/stats/?page=3,TOL,50,162,26,42,12,0,8,30,18,47,13,2,0.259,0.333,0.481,0.814
1718120587-363,https://www.milb.com/stats/?page=3,CLT,21,68,16,19,6,0,8,20,8,17,2,2,0.279,0.364,0.721,1.085
1718120587-364,https://www.milb.com/stats/?page=3,DUR,58,223,42,54,13,2,8,23,37,84,18,1,0.242,0.352,0.426,0.778
1718120587-365,https://www.milb.com/stats/?page=3,LOU,32,114,20,29,7,0,8,21,14,37,1,0,0.254,0.341,0.526,0.867
1718120587-366,https://www.milb.com/stats/?page=3,COL,60,239,30,67,12,0,8,37,19,67,7,6,0.28,0.336,0.431,0.767
1718120587-367,https://www.milb.com/stats/?page=3,LHV,51,190,25,40,10,0,8,35,25,60,9,3,0.211,0.295,0.389,0.684
1718120587-368,https://www.milb.com/stats/?page=3,ROC,55,202,25,49,12,0,8,34,32,33,3,1,0.243,0.345,0.421,0.766
1718120587-369,https://www.milb.com/stats/?page=3,WOR,48,151,26,38,9,0,7,32,20,48,6,4,0.252,0.359,0.45,0.809
1718120587-370,https://www.milb.com/stats/?page=3,IOW,28,108,17,28,8,1,7,15,12,18,0,1,0.259,0.341,0.546,0.887
1718120587-371,https://www.milb.com/stats/?page=3,SYR,39,133,30,40,7,0,7,21,17,34,1,0,0.301,0.397,0.511,0.908
1718120587-372,https://www.milb.com/stats/?page=3,IND,23,81,20,24,7,0,7,17,10,25,1,0,0.296,0.436,0.642,1.078
1718120587-373,https://www.milb.com/stats/?page=3,OMA,39,129,19,33,8,1,7,22,15,32,2,0,0.256,0.347,0.496,0.843
1718120587-374,https://www.milb.com/stats/?page=3,NAS,37,132,24,34,6,0,7,25,16,53,1,1,0.258,0.344,0.462,0.806
1718120587-375,https://www.milb.com/stats/?page=3,NOR,48,184,53,51,16,0,7,28,49,51,5,1,0.277,0.43,0.478,0.908
1718120587-376,https://www.milb.com/stats/?page=3,SYR,42,165,26,45,7,0,7,29,9,29,1,0,0.273,0.309,0.442,0.751
1718120587-377,https://www.milb.com/stats/?page=3,DUR,22,85,16,24,5,1,7,18,7,24,0,0,0.282,0.344,0.612,0.956
1718120587-378,https://www.milb.com/stats/?page=3,MEM,53,198,22,62,13,0,7,28,12,33,2,3,0.313,0.351,0.485,0.836
1718120587-379,https://www.milb.com/stats/?page=3,CLT,55,209,26,47,8,1,7,28,31,70,4,2,0.225,0.335,0.373,0.708
1718120587-380,https://www.milb.com/stats/?page=3,IOW,55,186,30,37,6,0,7,24,35,60,4,0,0.199,0.324,0.344,0.668
1718120587-381,https://www.milb.com/stats/?page=3,BUF,40,145,23,33,6,0,7,23,21,47,1,0,0.228,0.325,0.414,0.739
1718120587-382,https://www.milb.com/stats/?page=3,OMA,53,205,34,48,8,1,7,30,27,67,9,1,0.234,0.321,0.385,0.706
1718120592-383,https://www.milb.com/stats/?page=2,JAX,54,188,28,53,12,1,10,32,45,39,1,0,0.282,0.427,0.516,0.943
1718120592-384,https://www.milb.com/stats/?page=2,IOW,35,101,25,24,3,0,10,26,19,28,1,1,0.238,0.402,0.564,0.966
1718120592-385,https://www.milb.com/stats/?page=2,OMA,54,184,30,43,9,1,10,35,24,62,3,3,0.234,0.332,0.457,0.789
1718120592-386,https://www.milb.com/stats/?page=2,STP,46,174,28,48,11,0,10,31,19,52,8,1,0.276,0.367,0.511,0.878
1718120592-387,https://www.milb.com/stats/?page=2,LHV,54,194,39,51,11,0,10,31,24,48,9,2,0.263,0.345,0.474,0.819
1718120592-388,https://www.milb.com/stats/?page=2,JAX,53,216,40,59,12,0,10,37,23,48,4,1,0.273,0.343,0.468,0.811
1718120592-389,https://www.milb.com/stats/?page=2,SWB,40,162,33,43,8,1,10,27,16,59,5,2,0.265,0.346,0.512,0.858
1718120592-390,https://www.milb.com/stats/?page=2,COL,53,180,39,53,15,1,10,39,41,52,4,3,0.294,0.428,0.556,0.984
1718120592-391,https://www.milb.com/stats/?page=2,STP,53,195,25,39,3,1,10,30,30,74,1,0,0.2,0.311,0.379,0.69
1718120592-392,https://www.milb.com/stats/?page=2,NAS,47,183,31,52,4,4,9,39,25,29,10,2,0.284,0.384,0.497,0.881
1718120592-393,https://www.milb.com/stats/?page=2,LOU,57,214,29,46,10,1,9,32,26,97,10,3,0.215,0.303,0.397,0.7
1718120592-394,https://www.milb.com/stats/?page=2,TOL,56,204,30,57,17,1,9,37,39,60,1,1,0.279,0.391,0.505,0.896
1718120592-395,https://www.milb.com/stats/?page=2,COL,29,109,25,33,10,0,9,20,15,22,0,0,0.303,0.375,0.642,1.017
1718120592-396,https://www.milb.com/stats/?page=2,NOR,51,206,42,59,17,1,9,36,27,73,7,2,0.286,0.374,0.51,0.884
1718120592-397,https://www.milb.com/stats/?page=2,MEM,54,214,31,64,13,1,9,32,9,25,2,3,0.299,0.339,0.495,0.834
1718120592-398,https://www.milb.com/stats/?page=2,OMA,52,185,42,54,11,1,9,26,26,48,8,3,0.292,0.375,0.508,0.883
1718120592-399,https://www.milb.com/stats/?page=2,WOR,55,210,42,61,10,0,9,33,40,53,5,5,0.29,0.407,0.467,0.874
1718120592-400,https://www.milb.com/stats/?page=2,GWN,50,183,27,46,8,0,9,26,20,61,10,0,0.251,0.327,0.443,0.77
1718120592-401,https://www.milb.com/stats/?page=2,ROC,45,166,39,59,13,0,9,31,35,37,10,1,0.355,0.465,0.596,1.061
1718120592-402,https://www.milb.com/stats/?page=2,OMA,46,179,36,57,12,2,8,29,14,44,2,1,0.318,0.371,0.542,0.913
1718120592-403,https://www.milb.com/stats/?page=2,BUF,47,170,35,45,14,0,8,33,31,38,1,0,0.265,0.384,0.488,0.872
1718120592-404,https://www.milb.com/stats/?page=2,COL,60,226,40,55,15,0,8,38,41,43,4,1,0.243,0.365,0.416,0.781
1718120592-405,https://www.milb.com/stats/?page=2,ROC,44,163,30,35,8,1,8,32,27,43,8,1,0.215,0.328,0.423,0.751
1718120592-406,https://www.milb.com/stats/?page=2,DUR,34,138,19,36,6,0,8,24,14,35,1,1,0.261,0.333,0.478,0.811
1718120592-407,https://www.milb.com/stats/?page=2,LOU,44,138,22,31,8,0,8,20,28,36,7,2,0.225,0.359,0.457,0.816
1718120613-408,https://www.milb.com/stats/,MEM,55,186,28,44,10,0,16,44,33,45,0,0,0.237,0.351,0.548,0.899
1718120613-409,https://www.milb.com/stats/,ROC,59,218,37,54,13,1,15,45,26,66,2,3,0.248,0.341,0.523,0.864
1718120613-410,https://www.milb.com/stats/,BUF,57,213,42,53,12,0,15,43,22,59,0,0,0.249,0.336,0.516,0.852
1718120613-411,https://www.milb.com/stats/,SYR,55,194,34,47,12,0,15,41,24,54,5,1,0.242,0.324,0.536,0.86
1718120613-412,https://www.milb.com/stats/,NOR,45,171,42,53,11,1,14,50,27,51,2,0,0.31,0.401,0.632,1.033
1718120613-413,https://www.milb.com/stats/,COL,55,214,36,60,13,2,14,48,18,52,0,0,0.28,0.353,0.556,0.909
1718120613-414,https://www.milb.com/stats/,LHV,51,191,34,56,12,1,13,34,15,43,6,4,0.293,0.364,0.571,0.935
1718120613-415,https://www.milb.com/stats/,JAX,55,184,32,50,11,0,13,38,31,60,0,0,0.272,0.378,0.543,0.921
1718120613-416,https://www.milb.com/stats/,LHV,53,184,33,46,8,1,13,31,16,66,8,0,0.25,0.308,0.516,0.824
1718120613-417,https://www.milb.com/stats/,NOR,42,172,31,50,11,2,13,37,17,53,3,2,0.291,0.359,0.605,0.964
1718120613-418,https://www.milb.com/stats/,IOW,37,149,31,43,12,0,12,35,18,44,1,2,0.289,0.373,0.611,0.984
1718120613-419,https://www.milb.com/stats/,LHV,43,147,24,50,7,2,12,26,19,35,2,3,0.34,0.416,0.66,1.076
1718120613-420,https://www.milb.com/stats/,JAX,45,171,24,37,8,1,12,31,17,63,0,1,0.216,0.292,0.485,0.777
1718120613-421,https://www.milb.com/stats/,WOR,52,159,37,41,11,0,12,37,39,66,0,0,0.258,0.423,0.553,0.976
1718120613-422,https://www.milb.com/stats/,IOW,43,163,20,39,9,0,12,33,22,50,1,2,0.239,0.34,0.515,0.855
1718120613-423,https://www.milb.com/stats/,SYR,56,199,35,52,13,0,12,43,29,71,2,1,0.261,0.369,0.508,0.877
1718120613-424,https://www.milb.com/stats/,LOU,49,170,31,34,6,0,11,24,29,87,3,0,0.2,0.327,0.429,0.756
1718120613-425,https://www.milb.com/stats/,IND,49,169,30,44,9,5,11,41,12,58,4,3,0.26,0.303,0.568,0.871
1718120613-426,https://www.milb.com/stats/,NAS,47,162,36,46,11,2,11,36,28,52,19,3,0.284,0.403,0.58,0.983
1718120613-427,https://www.milb.com/stats/,NOR,47,173,29,52,8,1,11,35,17,42,5,4,0.301,0.371,0.549,0.92
1718120613-428,https://www.milb.com/stats/,COL,49,185,38,57,10,0,11,44,31,51,4,0,0.308,0.406,0.541,0.947
1718120613-429,https://www.milb.com/stats/,SWB,44,148,29,37,12,0,11,39,31,40,2,1,0.25,0.38,0.554,0.934
1718120613-430,https://www.milb.com/stats/,NOR,36,146,26,35,11,0,11,32,13,44,0,0,0.24,0.315,0.541,0.856
1718120613-431,https://www.milb.com/stats/,STP,46,173,24,36,8,1,11,32,22,68,2,0,0.208,0.3,0.457,0.757
1718120613-432,https://www.milb.com/stats/,SYR,55,185,38,47,10,1,10,38,46,49,5,2,0.254,0.404,0.481,0.885
