web-scraper-order,web-scraper-start-url,Team,W-val,L-val,ERA,G-val,GS-val,CG-val,SHO,SV-val,SVO,IP-val,H-val,R-val,ER-val,HR-val,HB-val,BB-val,SO-val,WHIP,AVG
"1718121561-1","https://www.milb.com/stats/pitching?page=24","OMA","0","0","0.00","2","0","0","0","0","0","2.0","2","0","0","0","0","1","0","1.50",".286"
"1718121561-2","https://www.milb.com/stats/pitching?page=24","LHV","0","0","27.00","1","0","0","0","0","0","0.2","2","2","2","1","0","0","0","3.00",".500"
"1718121561-3","https://www.milb.com/stats/pitching?page=24","SYR","0","0","0.00","1","0","0","0","0","0","0.1","3","0","0","0","0","0","0","9.00",".750"
"1718121561-4","https://www.milb.com/stats/pitching?page=24","LHV","0","0","0.00","1","0","0","0","0","0","1.0","0","0","0","0","0","1","0","1.00",".000"
"1718121561-5","https://www.milb.com/stats/pitching?page=24","SWB","0","0","0.00","1","0","0","0","0","0","1.0","0","0","0","0","0","3","0","3.00",".000"
"1718121561-6","https://www.milb.com/stats/pitching?page=24","TOL","0","0","29.45","2","0","0","0","0","0","3.2","12","12","12","3","1","2","0","3.82",".545"
"1718121561-7","https://www.milb.com/stats/pitching?page=24","GWN","0","0","9.00","1","0","0","0","0","1","1.0","2","1","1","0","0","2","0","4.00",".400"
"1718121561-8","https://www.milb.com/stats/pitching?page=24","LOU","0","0","18.00","1","0","0","0","0","0","1.0","1","2","2","0","0","3","0","4.00",".500"
"1718121583-9","https://www.milb.com/stats/pitching?page=23","TOL","0","0","21.60","3","0","0","0","0","0","1.2","1","4","4","0","1","6","1","4.20",".200"
"1718121583-10","https://www.milb.com/stats/pitching?page=23","DUR","0","0","16.20","2","0","0","0","0","0","3.1","6","6","6","1","0","6","1","3.60",".400"
"1718121583-11","https://www.milb.com/stats/pitching?page=23","COL","1","0","0.00","1","0","0","0","0","0","3.0","1","0","0","0","0","3","1","1.33",".100"
"1718121583-12","https://www.milb.com/stats/pitching?page=23","WOR","0","0","0.00","1","0","0","0","0","0","0.1","0","0","0","0","0","0","0","0.00",".000"
"1718121583-13","https://www.milb.com/stats/pitching?page=23","ROC","0","1","20.25","1","1","0","0","0","0","2.2","5","6","6","1","2","5","0","3.75",".417"
"1718121583-14","https://www.milb.com/stats/pitching?page=23","TOL","1","0","0.00","1","0","0","0","0","0","2.1","1","0","0","0","0","1","0","0.86",".143"
"1718121583-15","https://www.milb.com/stats/pitching?page=23","CLT","0","0","0.00","1","0","0","0","0","0","0.2","1","0","0","0","0","1","0","3.00",".333"
"1718121583-16","https://www.milb.com/stats/pitching?page=23","GWN","0","0","45.00","1","0","0","0","0","0","1.0","5","5","5","0","0","2","0","7.00",".625"
"1718121583-17","https://www.milb.com/stats/pitching?page=23","COL","0","1","27.00","1","0","0","0","0","1","0.1","0","1","1","0","1","3","0","9.00",".000"
"1718121583-18","https://www.milb.com/stats/pitching?page=23","SYR","0","0","27.00","1","0","0","0","0","0","1.0","2","3","3","0","1","3","0","5.00",".500"
"1718121583-19","https://www.milb.com/stats/pitching?page=23","IND","0","0","81.00","1","0","0","0","0","0","0.1","1","3","3","1","0","2","0","9.00",".500"
"1718121583-20","https://www.milb.com/stats/pitching?page=23","NAS","0","0","0.00","2","0","0","0","0","0","2.0","0","0","0","0","0","0","0","0.00",".000"
"1718121583-21","https://www.milb.com/stats/pitching?page=23","IOW","0","0","0.00","1","0","0","0","0","0","0.2","0","0","0","0","0","0","0","0.00",".000"
"1718121583-22","https://www.milb.com/stats/pitching?page=23","GWN","0","0","0.00","1","0","0","0","0","0","1.0","0","0","0","0","0","0","0","0.00",".000"
"1718121583-23","https://www.milb.com/stats/pitching?page=23","TOL","0","0","0.00","1","0","0","0","0","0","0.1","0","0","0","0","0","0","0","0.00",".000"
"1718121583-24","https://www.milb.com/stats/pitching?page=23","SWB","0","0","13.50","1","0","0","0","0","0","2.0","4","3","3","0","0","1","0","2.50",".571"
"1718121583-25","https://www.milb.com/stats/pitching?page=23","SYR","0","0","0.00","1","0","0","0","0","0","0.1","0","0","0","0","0","0","0","0.00",".000"
"1718121583-26","https://www.milb.com/stats/pitching?page=23","LOU","0","0","18.00","1","0","0","0","0","0","1.0","3","2","2","0","0","1","0","4.00",".500"
"1718121583-27","https://www.milb.com/stats/pitching?page=23","LHV","0","0","243.00","1","0","0","0","0","0","0.1","8","9","9","2","0","1","0","27.00",".889"
"1718121583-28","https://www.milb.com/stats/pitching?page=23","SYR","0","0","0.00","2","0","0","0","0","1","2.0","2","1","0","0","0","0","0","1.00",".286"
"1718121583-29","https://www.milb.com/stats/pitching?page=23","LHV","0","0","0.00","1","0","0","0","0","0","1.0","0","0","0","0","0","0","0","0.00",".000"
"1718121583-30","https://www.milb.com/stats/pitching?page=23","SWB","0","0","13.50","2","0","0","0","0","0","2.0","4","3","3","1","0","2","0","3.00",".400"
"1718121583-31","https://www.milb.com/stats/pitching?page=23","NOR","0","0","18.00","1","0","0","0","0","0","1.0","2","2","2","1","0","0","0","2.00",".400"
"1718121583-32","https://www.milb.com/stats/pitching?page=23","SYR","0","0","9.00","1","0","0","0","0","0","2.0","2","2","2","0","0","3","0","2.50",".400"
"1718121583-33","https://www.milb.com/stats/pitching?page=23","IND","0","0","21.60","3","0","0","0","0","0","3.1","8","8","8","1","0","2","0","3.00",".471"
"1718121587-34","https://www.milb.com/stats/pitching?page=22","CLT","0","0","10.80","2","0","0","0","0","0","1.2","4","2","2","1","0","2","2","3.60",".444"
"1718121587-35","https://www.milb.com/stats/pitching?page=22","NAS","0","0","0.00","1","0","0","0","0","0","1.0","0","0","0","0","0","0","1","0.00",".000"
"1718121587-36","https://www.milb.com/stats/pitching?page=22","IND","1","1","9.64","2","0","0","0","0","0","4.2","6","6","5","2","2","3","1","1.93",".316"
"1718121587-37","https://www.milb.com/stats/pitching?page=22","GWN","0","0","18.00","1","0","0","0","0","0","1.0","3","2","2","1","0","0","1","3.00",".500"
"1718121587-38","https://www.milb.com/stats/pitching?page=22","IOW","0","0","0.00","1","1","0","0","0","0","2.0","2","0","0","0","0","0","1","1.00",".250"
"1718121587-39","https://www.milb.com/stats/pitching?page=22","LOU","0","0","27.00","1","0","0","0","0","0","1.0","2","3","3","1","0","3","1","5.00",".500"
"1718121587-40","https://www.milb.com/stats/pitching?page=22","BUF","0","0","0.00","3","0","0","0","0","0","3.0","2","0","0","0","0","1","1","1.00",".182"
"1718121587-41","https://www.milb.com/stats/pitching?page=22","NAS","0","0","0.00","1","1","0","0","0","0","1.0","0","0","0","0","0","1","1","1.00",".000"
"1718121587-42","https://www.milb.com/stats/pitching?page=22","JAX","0","0","0.00","1","0","0","0","0","0","1.0","1","1","0","0","0","2","1","3.00",".200"
"1718121587-43","https://www.milb.com/stats/pitching?page=22","NOR","0","0","20.25","1","0","0","0","0","0","1.1","3","3","3","1","1","1","1","3.00",".429"
"1718121587-44","https://www.milb.com/stats/pitching?page=22","DUR","0","0","81.00","1","0","0","0","0","0","0.1","1","3","3","0","2","1","1","6.00",".500"
"1718121587-45","https://www.milb.com/stats/pitching?page=22","IOW","0","0","13.50","2","1","0","0","0","0","2.2","4","4","4","0","0","6","1","3.75",".333"
"1718121587-46","https://www.milb.com/stats/pitching?page=22","BUF","1","0","1.04","6","0","0","0","0","0","8.2","9","1","1","0","0","4","1","1.50",".281"
"1718121587-47","https://www.milb.com/stats/pitching?page=22","GWN","0","1","33.75","1","1","0","0","0","0","1.1","5","5","5","2","0","3","1","6.00",".556"
"1718121587-48","https://www.milb.com/stats/pitching?page=22","CLT","0","1","18.00","2","0","0","0","0","0","3.0","8","7","6","2","0","1","1","3.00",".471"
"1718121587-49","https://www.milb.com/stats/pitching?page=22","SWB","0","0","27.00","2","0","0","0","0","0","0.2","0","2","2","0","1","6","1","9.00",".000"
"1718121587-50","https://www.milb.com/stats/pitching?page=22","CLT","0","1","18.00","1","1","0","0","0","0","4.0","5","8","8","2","0","4","1","2.25",".294"
"1718121587-51","https://www.milb.com/stats/pitching?page=22","DUR","0","0","6.75","3","0","0","0","0","0","2.2","3","2","2","0","0","1","1","1.50",".273"
"1718121587-52","https://www.milb.com/stats/pitching?page=22","NOR","0","1","3.86","2","0","0","0","0","0","2.1","3","1","1","0","0","1","1","1.71",".333"
"1718121587-53","https://www.milb.com/stats/pitching?page=22","BUF","0","0","0.00","2","0","0","0","0","0","1.0","1","0","0","0","0","4","1","5.00",".250"
"1718121587-54","https://www.milb.com/stats/pitching?page=22","CLT","0","0","20.25","3","0","0","0","0","0","2.2","2","6","6","1","0","7","1","3.38",".250"
"1718121587-55","https://www.milb.com/stats/pitching?page=22","SWB","0","1","37.80","1","1","0","0","0","0","1.2","8","9","7","1","2","2","1","6.00",".615"
"1718121587-56","https://www.milb.com/stats/pitching?page=22","SYR","1","0","9.00","4","0","0","0","0","1","4.0","5","4","4","1","0","1","1","1.50",".313"
"1718121587-57","https://www.milb.com/stats/pitching?page=22","IOW","0","0","27.00","1","0","0","0","0","0","0.2","0","2","2","0","0","3","1","4.50",".000"
"1718121587-58","https://www.milb.com/stats/pitching?page=22","SWB","0","1","22.50","2","0","0","0","0","0","2.0","5","7","5","1","0","1","1","3.00",".455"
"1718121608-59","https://www.milb.com/stats/pitching?page=21","NAS","0","0","4.50","1","0","0","0","0","0","2.0","2","1","1","0","0","1","3","1.50",".250"
"1718121608-60","https://www.milb.com/stats/pitching?page=21","IOW","1","0","3.86","3","0","0","0","1","1","2.1","3","1","1","0","0","3","2","2.57",".333"
"1718121608-61","https://www.milb.com/stats/pitching?page=21","CLT","0","0","13.50","2","0","0","0","0","0","2.0","4","3","3","0","0","2","2","3.00",".444"
"1718121608-62","https://www.milb.com/stats/pitching?page=21","WOR","0","0","16.20","2","0","0","0","0","0","1.2","3","3","3","1","1","1","2","2.40",".375"
"1718121608-63","https://www.milb.com/stats/pitching?page=21","CLT","0","0","0.00","1","1","0","0","0","0","1.0","1","0","0","0","0","0","2","1.00",".250"
"1718121608-64","https://www.milb.com/stats/pitching?page=21","LHV","0","1","7.71","2","0","0","0","0","0","2.1","3","3","2","0","0","3","2","2.57",".375"
"1718121608-65","https://www.milb.com/stats/pitching?page=21","CLT","0","0","0.00","2","0","0","0","0","0","2.0","0","0","0","0","0","0","2","0.00",".000"
"1718121608-66","https://www.milb.com/stats/pitching?page=21","DUR","1","0","3.00","1","0","0","0","0","0","3.0","2","1","1","0","0","2","2","1.33",".182"
"1718121608-67","https://www.milb.com/stats/pitching?page=21","DUR","0","0","0.00","2","0","0","0","0","0","2.0","2","0","0","0","0","0","2","1.00",".286"
"1718121608-68","https://www.milb.com/stats/pitching?page=21","SYR","0","0","0.00","1","0","0","0","0","0","2.2","0","0","0","0","0","1","2","0.38",".000"
"1718121608-69","https://www.milb.com/stats/pitching?page=21","JAX","0","0","4.50","1","0","0","0","0","0","2.0","1","1","1","0","0","2","2","1.50",".143"
"1718121608-70","https://www.milb.com/stats/pitching?page=21","STP","0","0","3.00","3","0","0","0","0","0","3.0","2","1","1","0","0","0","2","0.67",".200"
"1718121608-71","https://www.milb.com/stats/pitching?page=21","MEM","0","0","0.00","1","1","0","0","0","0","2.0","0","0","0","0","0","1","2","0.50",".000"
"1718121608-72","https://www.milb.com/stats/pitching?page=21","BUF","0","0","30.86","2","0","0","0","0","0","2.1","9","8","8","1","0","2","2","4.71",".563"
"1718121608-73","https://www.milb.com/stats/pitching?page=21","DUR","0","2","11.81","2","2","0","0","0","0","5.1","8","7","7","1","2","5","2","2.44",".364"
"1718121608-74","https://www.milb.com/stats/pitching?page=21","CLT","0","1","15.43","1","1","0","0","0","0","2.1","3","4","4","1","2","3","2","2.57",".375"
"1718121608-75","https://www.milb.com/stats/pitching?page=21","SWB","0","0","4.50","1","0","0","0","0","0","2.0","3","1","1","0","0","0","2","1.50",".375"
"1718121608-76","https://www.milb.com/stats/pitching?page=21","LHV","0","0","3.38","2","0","0","0","0","0","2.2","3","3","1","1","0","5","2","3.00",".300"
"1718121608-77","https://www.milb.com/stats/pitching?page=21","SWB","0","0","6.75","2","0","0","0","0","1","1.1","3","1","1","0","0","3","2","4.50",".429"
"1718121608-78","https://www.milb.com/stats/pitching?page=21","WOR","0","0","37.80","2","0","0","0","0","0","1.2","6","7","7","1","1","3","2","5.40",".545"
"1718121608-79","https://www.milb.com/stats/pitching?page=21","SWB","1","0","10.80","1","0","0","0","0","0","1.2","1","2","2","0","0","3","2","2.40",".167"
"1718121608-80","https://www.milb.com/stats/pitching?page=21","CLT","0","0","15.43","2","0","0","0","0","0","2.1","2","4","4","1","0","2","2","1.71",".222"
"1718121608-81","https://www.milb.com/stats/pitching?page=21","SWB","1","0","1.29","1","1","1","0","0","0","7.0","3","2","1","0","0","4","2","1.00",".143"
"1718121608-82","https://www.milb.com/stats/pitching?page=21","LHV","1","0","4.09","2","2","0","0","0","0","11.0","10","5","5","0","1","6","2","1.45",".244"
"1718121608-83","https://www.milb.com/stats/pitching?page=21","NOR","0","0","0.00","1","0","0","0","1","1","1.0","1","0","0","0","0","0","2","1.00",".250"
"1718121630-84","https://www.milb.com/stats/pitching?page=20","IOW","0","0","0.00","1","1","0","0","0","0","3.2","3","0","0","0","0","1","4","1.09",".200"
"1718121630-85","https://www.milb.com/stats/pitching?page=20","IOW","0","0","0.00","2","0","0","0","0","0","2.2","0","0","0","0","0","1","3","0.38",".000"
"1718121630-86","https://www.milb.com/stats/pitching?page=20","SWB","0","0","0.00","1","0","0","0","0","0","1.0","0","0","0","0","0","0","3","0.00",".000"
"1718121630-87","https://www.milb.com/stats/pitching?page=20","COL","0","0","7.71","1","1","0","0","0","0","2.1","2","2","2","0","1","2","3","1.71",".250"
"1718121630-88","https://www.milb.com/stats/pitching?page=20","WOR","0","0","2.25","2","0","0","0","0","0","4.0","3","1","1","0","0","4","3","1.75",".250"
"1718121630-89","https://www.milb.com/stats/pitching?page=20","CLT","0","0","4.91","4","0","0","0","0","1","3.2","3","2","2","0","0","5","3","2.18",".231"
"1718121630-90","https://www.milb.com/stats/pitching?page=20","SWB","1","0","3.38","3","0","0","0","2","2","2.2","2","1","1","0","1","1","3","1.13",".222"
"1718121630-91","https://www.milb.com/stats/pitching?page=20","IND","0","1","9.00","2","2","0","0","0","0","7.0","8","8","7","0","0","9","3","2.43",".276"
"1718121630-92","https://www.milb.com/stats/pitching?page=20","MEM","0","1","11.25","4","1","0","0","0","1","4.0","5","5","5","3","0","2","3","1.75",".313"
"1718121630-93","https://www.milb.com/stats/pitching?page=20","SWB","0","0","0.00","1","0","0","0","0","0","3.0","2","0","0","0","0","2","3","1.33",".167"
"1718121630-94","https://www.milb.com/stats/pitching?page=20","LHV","0","0","0.00","2","0","0","0","0","0","2.0","2","0","0","0","1","0","3","1.00",".250"
"1718121630-95","https://www.milb.com/stats/pitching?page=20","IOW","0","0","9.00","4","0","0","0","0","2","3.0","7","3","3","0","0","4","3","3.67",".467"
"1718121630-96","https://www.milb.com/stats/pitching?page=20","GWN","0","1","18.90","1","0","0","0","0","0","3.1","3","8","7","2","1","4","3","2.10",".231"
"1718121630-97","https://www.milb.com/stats/pitching?page=20","NAS","0","0","0.00","2","0","0","0","0","0","2.0","1","0","0","0","0","2","3","1.50",".143"
"1718121630-98","https://www.milb.com/stats/pitching?page=20","NAS","0","0","3.00","1","1","0","0","0","0","3.0","2","1","1","0","0","2","3","1.33",".182"
"1718121630-99","https://www.milb.com/stats/pitching?page=20","TOL","0","0","0.00","2","1","0","0","0","0","2.1","2","0","0","0","0","1","3","1.29",".222"
"1718121630-100","https://www.milb.com/stats/pitching?page=20","SYR","0","0","27.00","1","1","0","0","0","0","2.1","7","7","7","3","0","4","3","4.71",".500"
"1718121630-101","https://www.milb.com/stats/pitching?page=20","JAX","0","0","0.00","1","0","0","0","0","0","1.0","0","0","0","0","0","0","3","0.00",".000"
"1718121630-102","https://www.milb.com/stats/pitching?page=20","TOL","0","0","2.45","3","0","0","0","0","0","7.1","5","3","2","0","2","7","3","1.64",".208"
"1718121630-103","https://www.milb.com/stats/pitching?page=20","BUF","0","0","7.71","2","0","0","0","0","0","2.1","2","2","2","1","0","2","3","1.71",".250"
"1718121630-104","https://www.milb.com/stats/pitching?page=20","STP","0","0","9.00","1","1","0","0","0","0","3.0","7","3","3","1","2","1","3","2.67",".500"
"1718121630-105","https://www.milb.com/stats/pitching?page=20","SWB","0","0","13.50","3","0","0","0","0","0","2.0","2","3","3","0","0","5","3","3.50",".250"
"1718121630-106","https://www.milb.com/stats/pitching?page=20","CLT","0","0","13.50","1","0","0","0","0","0","2.0","6","3","3","0","0","3","3","4.50",".545"
"1718121630-107","https://www.milb.com/stats/pitching?page=20","OMA","2","0","6.75","3","0","0","0","0","0","2.2","2","2","2","0","0","0","3","0.75",".182"
"1718121630-108","https://www.milb.com/stats/pitching?page=20","COL","0","0","9.00","4","0","0","0","0","0","4.0","6","4","4","2","0","4","3","2.50",".333"
"1718121651-109","https://www.milb.com/stats/pitching?page=19","DUR","0","1","5.25","3","3","0","0","0","0","12.0","7","7","7","2","2","4","5","0.92",".171"
"1718121651-110","https://www.milb.com/stats/pitching?page=19","JAX","1","0","2.84","3","0","0","0","0","0","6.1","4","2","2","1","0","2","5","0.95",".182"
"1718121651-111","https://www.milb.com/stats/pitching?page=19","ROC","0","0","0.00","1","1","0","0","0","0","4.0","1","1","0","0","0","1","5","0.50",".077"
"1718121651-112","https://www.milb.com/stats/pitching?page=19","CLT","0","0","0.00","3","0","0","0","0","0","3.2","0","0","0","0","2","1","5","0.27",".000"
"1718121651-113","https://www.milb.com/stats/pitching?page=19","WOR","0","1","12.00","1","1","0","0","0","0","3.0","3","4","4","0","0","4","5","2.33",".250"
"1718121651-114","https://www.milb.com/stats/pitching?page=19","IOW","0","0","5.40","2","2","0","0","0","0","5.0","8","6","3","0","1","5","5","2.60",".381"
"1718121651-115","https://www.milb.com/stats/pitching?page=19","MEM","0","0","2.84","6","0","0","0","0","0","6.1","4","3","2","0","1","4","5","1.26",".182"
"1718121651-116","https://www.milb.com/stats/pitching?page=19","MEM","0","0","18.00","3","0","0","0","0","0","2.0","2","4","4","0","0","7","5","4.50",".250"
"1718121651-117","https://www.milb.com/stats/pitching?page=19","BUF","0","0","15.00","3","0","0","0","0","0","3.0","1","5","5","0","1","9","5","3.33",".100"
"1718121651-118","https://www.milb.com/stats/pitching?page=19","NOR","0","0","3.86","7","0","0","0","0","1","7.0","5","3","3","1","1","0","5","0.71",".200"
"1718121651-119","https://www.milb.com/stats/pitching?page=19","NOR","0","0","6.23","1","1","0","0","0","0","4.1","7","3","3","1","0","2","5","2.08",".368"
"1718121651-120","https://www.milb.com/stats/pitching?page=19","CLT","0","0","15.88","7","0","0","0","0","0","5.2","8","10","10","4","1","7","5","2.65",".333"
"1718121651-121","https://www.milb.com/stats/pitching?page=19","STP","1","0","3.00","2","0","0","0","0","0","3.0","2","1","1","1","0","1","5","1.00",".200"
"1718121651-122","https://www.milb.com/stats/pitching?page=19","WOR","0","0","0.00","1","1","0","0","0","0","4.2","2","0","0","0","0","1","5","0.64",".125"
"1718121651-123","https://www.milb.com/stats/pitching?page=19","JAX","1","0","6.75","1","0","0","0","0","0","4.0","6","3","3","1","0","3","4","2.25",".353"
"1718121651-124","https://www.milb.com/stats/pitching?page=19","STP","0","0","7.71","10","0","0","0","1","1","9.1","15","11","8","2","0","7","4","2.36",".357"
"1718121651-125","https://www.milb.com/stats/pitching?page=19","JAX","0","0","4.15","3","0","0","0","0","0","4.1","5","2","2","1","0","4","4","2.08",".294"
"1718121651-126","https://www.milb.com/stats/pitching?page=19","JAX","0","0","4.26","4","0","0","0","0","1","6.1","7","3","3","1","0","1","4","1.26",".280"
"1718121651-127","https://www.milb.com/stats/pitching?page=19","SYR","0","0","0.00","1","0","0","0","0","0","2.0","1","0","0","0","0","0","4","0.50",".143"
"1718121651-128","https://www.milb.com/stats/pitching?page=19","NAS","0","0","2.08","2","2","0","0","0","0","4.1","1","1","1","0","0","2","4","0.69",".071"
"1718121651-129","https://www.milb.com/stats/pitching?page=19","LHV","0","0","6.00","1","0","0","0","0","0","3.0","2","2","2","2","0","1","4","1.00",".182"
"1718121651-130","https://www.milb.com/stats/pitching?page=19","COL","1","0","3.24","2","2","0","0","0","0","8.1","5","3","3","1","0","0","4","0.60",".172"
"1718121651-131","https://www.milb.com/stats/pitching?page=19","IOW","0","0","6.00","1","1","0","0","0","0","6.0","5","4","4","2","0","3","4","1.33",".238"
"1718121651-132","https://www.milb.com/stats/pitching?page=19","ROC","1","0","3.86","5","0","0","0","0","1","4.2","6","2","2","1","0","5","4","2.36",".300"
"1718121651-133","https://www.milb.com/stats/pitching?page=19","IOW","0","0","8.10","1","1","0","0","0","0","3.1","6","3","3","0","0","1","4","2.10",".375"
"1718121673-134","https://www.milb.com/stats/pitching?page=18","TOL","0","1","12.46","2","0","0","0","0","0","4.1","7","6","6","2","1","4","6","2.54",".389"
"1718121673-135","https://www.milb.com/stats/pitching?page=18","OMA","0","1","13.50","8","0","0","0","0","0","6.0","5","9","9","1","2","17","6","3.67",".227"
"1718121673-136","https://www.milb.com/stats/pitching?page=18","MEM","1","0","3.86","4","0","0","0","0","0","7.0","8","3","3","1","0","2","6","1.43",".276"
"1718121673-137","https://www.milb.com/stats/pitching?page=18","STP","0","0","0.00","4","0","0","0","0","0","4.0","0","0","0","0","0","2","6","0.50",".000"
"1718121673-138","https://www.milb.com/stats/pitching?page=18","LOU","0","1","11.25","5","0","0","0","0","2","4.0","6","5","5","1","2","5","6","2.75",".353"
"1718121673-139","https://www.milb.com/stats/pitching?page=18","IOW","0","0","2.08","1","1","0","0","0","0","4.1","5","1","1","0","0","3","6","1.85",".294"
"1718121673-140","https://www.milb.com/stats/pitching?page=18","COL","1","0","0.00","5","2","0","0","0","0","5.2","1","0","0","0","0","3","6","0.71",".059"
"1718121673-141","https://www.milb.com/stats/pitching?page=18","TOL","0","0","3.00","1","1","0","0","0","0","3.0","3","1","1","0","0","0","6","1.00",".231"
"1718121673-142","https://www.milb.com/stats/pitching?page=18","OMA","0","0","0.00","1","1","0","0","0","0","4.0","1","0","0","0","0","1","6","0.50",".077"
"1718121673-143","https://www.milb.com/stats/pitching?page=18","IOW","0","0","7.71","7","0","0","0","0","0","9.1","8","8","8","0","2","14","6","2.36",".250"
"1718121673-144","https://www.milb.com/stats/pitching?page=18","LOU","0","0","6.14","5","0","0","0","0","0","7.1","10","8","5","1","1","4","6","1.91",".313"
"1718121673-145","https://www.milb.com/stats/pitching?page=18","SYR","0","1","4.38","3","2","0","0","0","0","12.1","9","6","6","2","0","10","6","1.54",".200"
"1718121673-146","https://www.milb.com/stats/pitching?page=18","STP","0","0","4.50","4","0","0","0","0","1","4.0","4","3","2","0","1","1","6","1.25",".267"
"1718121673-147","https://www.milb.com/stats/pitching?page=18","STP","0","0","4.91","6","0","0","0","0","1","7.1","4","4","4","0","1","5","5","1.23",".182"
"1718121673-148","https://www.milb.com/stats/pitching?page=18","SWB","1","0","1.17","3","0","0","0","0","1","7.2","4","2","1","1","1","3","5","0.91",".148"
"1718121673-149","https://www.milb.com/stats/pitching?page=18","IND","0","0","0.00","4","0","0","0","0","0","3.2","4","0","0","0","0","2","5","1.64",".286"
"1718121673-150","https://www.milb.com/stats/pitching?page=18","CLT","2","0","9.00","5","0","0","0","0","0","4.0","4","4","4","0","0","4","5","2.00",".250"
"1718121673-151","https://www.milb.com/stats/pitching?page=18","STP","0","0","9.00","2","0","0","0","0","0","2.0","4","2","2","0","0","0","5","2.00",".400"
"1718121673-152","https://www.milb.com/stats/pitching?page=18","IND","0","0","5.68","7","0","0","0","0","1","12.2","12","8","8","1","2","2","5","1.11",".240"
"1718121673-153","https://www.milb.com/stats/pitching?page=18","SYR","1","2","17.36","3","0","0","0","0","1","4.2","12","10","9","0","0","4","5","3.43",".480"
"1718121673-154","https://www.milb.com/stats/pitching?page=18","GWN","0","0","6.75","4","1","0","0","0","0","5.1","5","4","4","0","0","8","5","2.44",".250"
"1718121673-155","https://www.milb.com/stats/pitching?page=18","IND","0","0","7.36","4","0","0","0","0","0","3.2","3","3","3","0","0","1","5","1.09",".231"
"1718121673-156","https://www.milb.com/stats/pitching?page=18","MEM","1","0","19.96","9","0","0","0","0","0","7.2","13","18","17","2","1","15","5","3.65",".371"
"1718121673-157","https://www.milb.com/stats/pitching?page=18","MEM","1","0","3.38","6","0","0","0","2","2","5.1","6","2","2","1","0","0","5","1.13",".273"
"1718121673-158","https://www.milb.com/stats/pitching?page=18","WOR","2","0","0.00","3","0","0","0","0","0","6.1","4","0","0","0","0","1","5","0.79",".190"
"1718121678-159","https://www.milb.com/stats/pitching?page=17","COL","1","0","0.00","3","1","0","0","0","0","5.0","3","0","0","0","0","1","8","0.80",".176"
"1718121678-160","https://www.milb.com/stats/pitching?page=17","TOL","1","3","7.84","9","0","0","0","0","1","10.1","15","10","9","1","1","7","8","2.13",".366"
"1718121678-161","https://www.milb.com/stats/pitching?page=17","IND","0","2","15.00","7","0","0","0","0","1","9.0","13","15","15","4","2","8","8","2.33",".333"
"1718121678-162","https://www.milb.com/stats/pitching?page=17","COL","0","0","1.86","10","0","0","0","0","0","9.2","8","2","2","1","0","6","8","1.45",".235"
"1718121678-163","https://www.milb.com/stats/pitching?page=17","WOR","0","0","3.38","2","2","0","0","0","0","8.0","9","3","3","0","0","7","8","2.00",".281"
"1718121678-164","https://www.milb.com/stats/pitching?page=17","STP","0","1","5.59","3","3","0","0","0","0","9.2","8","6","6","3","0","4","8","1.24",".229"
"1718121678-165","https://www.milb.com/stats/pitching?page=17","WOR","0","0","6.19","9","0","0","0","1","1","16.0","14","11","11","4","1","5","8","1.19",".237"
"1718121678-166","https://www.milb.com/stats/pitching?page=17","GWN","2","1","2.31","11","0","0","0","0","0","11.2","10","5","3","0","0","8","8","1.54",".222"
"1718121678-167","https://www.milb.com/stats/pitching?page=17","TOL","1","0","3.24","5","1","0","0","0","0","8.1","6","3","3","0","2","8","8","1.68",".207"
"1718121678-168","https://www.milb.com/stats/pitching?page=17","STP","0","0","0.00","5","0","0","0","0","0","6.0","3","1","0","0","0","2","7","0.83",".150"
"1718121678-169","https://www.milb.com/stats/pitching?page=17","CLT","0","0","3.68","2","2","0","0","0","0","7.1","10","3","3","1","0","3","7","1.77",".333"
"1718121678-170","https://www.milb.com/stats/pitching?page=17","JAX","1","0","3.18","9","0","0","0","0","0","11.1","11","4","4","0","2","3","7","1.24",".262"
"1718121678-171","https://www.milb.com/stats/pitching?page=17","MEM","1","0","1.17","6","0","0","0","0","0","7.2","3","1","1","1","0","3","7","0.78",".115"
"1718121678-172","https://www.milb.com/stats/pitching?page=17","GWN","0","0","3.86","6","0","0","0","1","1","7.0","8","3","3","1","0","2","7","1.43",".286"
"1718121678-173","https://www.milb.com/stats/pitching?page=17","WOR","0","1","15.75","4","0","0","0","0","0","4.0","8","7","7","0","0","6","7","3.50",".421"
"1718121678-174","https://www.milb.com/stats/pitching?page=17","SYR","0","1","6.00","3","3","0","0","0","0","12.0","17","8","8","3","1","4","7","1.75",".333"
"1718121678-175","https://www.milb.com/stats/pitching?page=17","IOW","0","0","4.05","4","0","0","0","1","1","6.2","3","3","3","0","2","7","7","1.50",".150"
"1718121678-176","https://www.milb.com/stats/pitching?page=17","LHV","0","0","7.36","6","0","0","0","0","1","7.1","12","7","6","1","1","6","7","2.45",".414"
"1718121678-177","https://www.milb.com/stats/pitching?page=17","SYR","0","2","14.29","2","2","0","0","0","0","5.2","6","9","9","0","1","6","7","2.12",".286"
"1718121678-178","https://www.milb.com/stats/pitching?page=17","BUF","0","1","9.53","7","0","0","0","0","0","5.2","9","6","6","2","0","5","7","2.47",".375"
"1718121678-179","https://www.milb.com/stats/pitching?page=17","NAS","1","0","1.04","7","0","0","0","1","1","8.2","3","1","1","0","2","7","7","1.15",".103"
"1718121678-180","https://www.milb.com/stats/pitching?page=17","DUR","1","0","4.05","3","0","0","0","0","0","6.2","4","3","3","1","0","1","7","0.75",".174"
"1718121678-181","https://www.milb.com/stats/pitching?page=17","LOU","0","0","0.84","3","3","0","0","0","0","10.2","6","1","1","0","1","3","7","0.84",".176"
"1718121678-182","https://www.milb.com/stats/pitching?page=17","GWN","0","1","6.52","3","3","0","0","0","0","9.2","11","7","7","2","1","2","7","1.34",".297"
"1718121678-183","https://www.milb.com/stats/pitching?page=17","BUF","1","0","12.46","4","0","0","0","0","1","4.1","8","6","6","1","0","7","6","3.46",".381"
"1718121700-184","https://www.milb.com/stats/pitching?page=16","DUR","0","2","17.61","9","1","0","0","0","1","7.2","10","17","15","3","2","10","10","2.61",".294"
"1718121700-185","https://www.milb.com/stats/pitching?page=16","COL","0","0","8.53","3","3","0","0","0","0","6.1","8","7","6","2","0","4","10","1.89",".296"
"1718121700-186","https://www.milb.com/stats/pitching?page=16","LOU","1","0","1.38","13","0","0","0","0","0","13.0","8","3","2","0","2","6","10","1.08",".178"
"1718121700-187","https://www.milb.com/stats/pitching?page=16","ROC","0","1","12.39","10","1","0","0","0","0","20.1","38","29","28","8","4","8","10","2.26",".388"
"1718121700-188","https://www.milb.com/stats/pitching?page=16","DUR","1","0","0.00","8","0","0","0","3","3","8.2","4","0","0","0","0","3","10","0.81",".129"
"1718121700-189","https://www.milb.com/stats/pitching?page=16","JAX","0","1","2.45","2","2","0","0","0","0","7.1","9","3","2","0","0","0","9","1.23",".290"
"1718121700-190","https://www.milb.com/stats/pitching?page=16","WOR","0","1","1.17","7","0","0","0","0","0","7.2","4","2","1","1","0","2","9","0.78",".148"
"1718121700-191","https://www.milb.com/stats/pitching?page=16","WOR","0","1","0.87","2","2","0","0","0","0","10.1","8","1","1","0","3","3","9","1.06",".229"
"1718121700-192","https://www.milb.com/stats/pitching?page=16","GWN","0","0","1.13","3","0","0","0","2","2","8.0","8","1","1","0","1","2","9","1.25",".267"
"1718121700-193","https://www.milb.com/stats/pitching?page=16","SYR","0","0","14.09","9","0","0","0","0","0","7.2","7","15","12","1","2","17","9","3.13",".250"
"1718121700-194","https://www.milb.com/stats/pitching?page=16","TOL","1","0","1.29","7","0","0","0","0","0","7.0","5","1","1","1","0","0","9","0.71",".192"
"1718121700-195","https://www.milb.com/stats/pitching?page=16","SYR","0","0","3.86","5","1","0","0","0","0","7.0","6","3","3","2","0","7","9","1.86",".222"
"1718121700-196","https://www.milb.com/stats/pitching?page=16","LOU","1","0","3.68","3","3","0","0","0","0","14.2","14","6","6","4","1","5","9","1.30",".259"
"1718121700-197","https://www.milb.com/stats/pitching?page=16","LOU","1","0","7.50","7","0","0","0","0","1","6.0","6","6","5","0","0","10","9","2.67",".261"
"1718121700-198","https://www.milb.com/stats/pitching?page=16","LOU","1","2","6.48","9","0","0","0","1","1","8.1","11","6","6","1","2","3","9","1.68",".324"
"1718121700-199","https://www.milb.com/stats/pitching?page=16","COL","0","0","3.24","6","0","0","0","0","0","8.1","3","3","3","1","0","6","9","1.08",".111"
"1718121700-200","https://www.milb.com/stats/pitching?page=16","MEM","1","0","2.20","4","3","0","0","0","0","16.1","14","4","4","0","2","13","9","1.65",".241"
"1718121700-201","https://www.milb.com/stats/pitching?page=16","WOR","0","1","9.82","8","0","0","0","0","1","7.1","10","8","8","4","0","5","9","2.05",".333"
"1718121700-202","https://www.milb.com/stats/pitching?page=16","CLT","0","1","6.39","3","3","0","0","0","0","12.2","14","9","9","4","0","3","9","1.34",".275"
"1718121700-203","https://www.milb.com/stats/pitching?page=16","ROC","0","0","4.63","8","0","0","0","0","1","11.2","12","6","6","2","0","4","9","1.37",".267"
"1718121700-204","https://www.milb.com/stats/pitching?page=16","DUR","0","1","6.35","1","1","0","0","0","0","5.2","9","5","4","1","0","1","8","1.76",".346"
"1718121700-205","https://www.milb.com/stats/pitching?page=16","STP","0","1","6.75","2","2","0","0","0","0","6.2","11","7","5","1","0","3","8","2.10",".355"
"1718121700-206","https://www.milb.com/stats/pitching?page=16","JAX","0","1","7.71","3","3","0","0","0","0","11.2","9","10","10","5","2","8","8","1.46",".220"
"1718121700-207","https://www.milb.com/stats/pitching?page=16","DUR","0","0","6.00","3","0","0","0","0","1","6.0","7","4","4","1","0","0","8","1.17",".292"
"1718121700-208","https://www.milb.com/stats/pitching?page=16","DUR","0","0","0.00","5","0","0","0","0","0","4.2","4","1","0","0","0","0","8","0.86",".222"
"1718121721-209","https://www.milb.com/stats/pitching?page=15","WOR","0","0","0.00","7","0","0","0","1","1","10.2","1","0","0","0","0","8","11","0.84",".031"
"1718121721-210","https://www.milb.com/stats/pitching?page=15","JAX","0","0","10.95","6","0","0","0","0","0","12.1","15","15","15","7","1","9","11","1.95",".326"
"1718121721-211","https://www.milb.com/stats/pitching?page=15","CLT","0","0","4.32","6","0","0","0","0","0","8.1","8","4","4","1","0","2","11","1.20",".250"
"1718121721-212","https://www.milb.com/stats/pitching?page=15","SYR","1","1","2.79","2","2","0","0","0","0","9.2","12","4","3","0","1","2","11","1.45",".300"
"1718121721-213","https://www.milb.com/stats/pitching?page=15","BUF","0","1","1.86","9","0","0","0","3","3","9.2","8","3","2","0","0","5","11","1.34",".205"
"1718121721-214","https://www.milb.com/stats/pitching?page=15","DUR","3","1","2.61","4","4","0","0","0","0","20.2","23","11","6","2","0","6","11","1.40",".288"
"1718121721-215","https://www.milb.com/stats/pitching?page=15","GWN","0","1","4.50","1","1","0","0","0","0","6.0","5","3","3","1","0","1","11","1.00",".227"
"1718121721-216","https://www.milb.com/stats/pitching?page=15","IOW","0","2","3.12","3","3","0","0","0","0","8.2","5","4","3","1","0","3","11","0.92",".161"
"1718121721-217","https://www.milb.com/stats/pitching?page=15","COL","0","1","8.79","4","0","0","0","0","0","14.1","26","14","14","6","1","8","10","2.37",".413"
"1718121721-218","https://www.milb.com/stats/pitching?page=15","ROC","0","0","0.00","7","0","0","0","2","2","8.0","1","0","0","0","0","2","10","0.38",".040"
"1718121721-219","https://www.milb.com/stats/pitching?page=15","ROC","1","1","4.32","15","0","0","0","1","3","16.2","20","8","8","2","0","2","10","1.32",".313"
"1718121721-220","https://www.milb.com/stats/pitching?page=15","NOR","1","0","5.40","2","2","0","0","0","0","8.1","11","5","5","1","1","4","10","1.80",".324"
"1718121721-221","https://www.milb.com/stats/pitching?page=15","JAX","1","1","5.91","6","0","0","0","0","0","10.2","13","9","7","2","0","3","10","1.50",".295"
"1718121721-222","https://www.milb.com/stats/pitching?page=15","GWN","0","1","3.52","6","0","0","0","1","2","7.2","6","4","3","1","0","6","10","1.57",".200"
"1718121721-223","https://www.milb.com/stats/pitching?page=15","GWN","0","1","6.55","5","1","0","0","0","0","11.0","10","8","8","0","3","7","10","1.55",".244"
"1718121721-224","https://www.milb.com/stats/pitching?page=15","CLT","1","2","9.00","10","0","0","0","0","0","9.0","9","9","9","1","2","11","10","2.22",".265"
"1718121721-225","https://www.milb.com/stats/pitching?page=15","WOR","0","0","10.66","7","2","0","0","1","1","12.2","17","17","15","2","1","15","10","2.53",".321"
"1718121721-226","https://www.milb.com/stats/pitching?page=15","IND","1","1","7.80","4","4","0","0","0","0","15.0","22","13","13","1","0","10","10","2.13",".367"
"1718121721-227","https://www.milb.com/stats/pitching?page=15","NAS","0","0","1.59","5","0","0","0","0","0","5.2","2","1","1","0","0","2","10","0.71",".118"
"1718121721-228","https://www.milb.com/stats/pitching?page=15","LOU","0","2","5.87","2","2","0","0","0","0","7.2","7","5","5","1","3","3","10","1.30",".259"
"1718121721-229","https://www.milb.com/stats/pitching?page=15","LHV","1","1","5.68","12","0","0","0","0","1","12.2","15","12","8","2","1","11","10","2.05",".294"
"1718121721-230","https://www.milb.com/stats/pitching?page=15","SYR","0","0","6.75","5","1","0","0","0","0","6.2","5","5","5","1","0","8","10","1.95",".208"
"1718121721-231","https://www.milb.com/stats/pitching?page=15","IND","0","0","3.77","10","0","0","0","0","1","14.1","17","7","6","3","0","5","10","1.53",".304"
"1718121721-232","https://www.milb.com/stats/pitching?page=15","BUF","0","1","5.63","3","3","0","0","0","0","8.0","7","5","5","3","3","9","10","2.00",".241"
"1718121721-233","https://www.milb.com/stats/pitching?page=15","IOW","1","0","2.53","3","2","0","0","0","0","10.2","9","3","3","0","2","3","10","1.13",".231"
"1718121743-234","https://www.milb.com/stats/pitching?page=14","JAX","0","0","7.94","9","0","0","0","0","0","11.1","13","10","10","2","1","5","13","1.59",".277"
"1718121743-235","https://www.milb.com/stats/pitching?page=14","SYR","1","0","0.00","2","2","0","0","0","0","9.1","7","0","0","0","0","1","13","0.86",".219"
"1718121743-236","https://www.milb.com/stats/pitching?page=14","IND","0","1","6.43","12","0","0","0","0","2","14.0","18","10","10","3","2","7","13","1.79",".316"
"1718121743-237","https://www.milb.com/stats/pitching?page=14","IND","0","0","0.84","9","0","0","0","1","1","10.2","2","1","1","0","1","9","13","1.03",".061"
"1718121743-238","https://www.milb.com/stats/pitching?page=14","LHV","0","1","1.64","10","0","0","0","3","4","11.0","7","2","2","1","0","3","13","0.91",".179"
"1718121743-239","https://www.milb.com/stats/pitching?page=14","STP","0","0","2.31","9","0","0","0","0","0","11.2","8","3","3","0","1","2","13","0.86",".186"
"1718121743-240","https://www.milb.com/stats/pitching?page=14","NOR","1","0","5.25","3","2","0","0","0","0","12.0","10","8","7","1","1","6","13","1.33",".222"
"1718121743-241","https://www.milb.com/stats/pitching?page=14","WOR","0","1","11.88","7","0","0","0","0","1","8.1","9","11","11","2","1","10","12","2.28",".273"
"1718121743-242","https://www.milb.com/stats/pitching?page=14","STP","0","0","2.08","7","0","0","0","2","2","8.2","5","2","2","1","0","7","12","1.38",".179"
"1718121743-243","https://www.milb.com/stats/pitching?page=14","OMA","0","1","1.42","3","3","0","0","0","0","12.2","9","2","2","0","1","3","12","0.95",".196"
"1718121743-244","https://www.milb.com/stats/pitching?page=14","CLT","0","0","3.86","2","2","0","0","0","0","7.0","6","3","3","1","0","4","12","1.43",".231"
"1718121743-245","https://www.milb.com/stats/pitching?page=14","JAX","0","0","0.71","3","3","0","0","0","0","12.2","11","2","1","0","0","8","12","1.50",".244"
"1718121743-246","https://www.milb.com/stats/pitching?page=14","OMA","1","1","4.29","5","5","0","0","0","0","21.0","20","11","10","2","0","9","12","1.38",".247"
"1718121743-247","https://www.milb.com/stats/pitching?page=14","DUR","0","0","6.75","9","0","0","0","0","2","12.0","16","9","9","3","0","3","12","1.58",".314"
"1718121743-248","https://www.milb.com/stats/pitching?page=14","LHV","1","1","0.75","10","0","0","0","4","4","12.0","4","2","1","0","0","3","12","0.58",".105"
"1718121743-249","https://www.milb.com/stats/pitching?page=14","LHV","1","2","8.62","15","0","0","0","0","4","15.2","20","18","15","3","2","9","12","1.85",".308"
"1718121743-250","https://www.milb.com/stats/pitching?page=14","IOW","0","0","0.00","8","0","0","0","0","0","8.1","3","1","0","0","3","3","12","0.72",".111"
"1718121743-251","https://www.milb.com/stats/pitching?page=14","COL","1","1","6.00","7","0","0","0","0","0","9.0","8","6","6","0","1","11","12","2.11",".258"
"1718121743-252","https://www.milb.com/stats/pitching?page=14","NOR","2","1","5.93","10","0","0","0","0","1","13.2","19","11","9","2","1","5","12","1.76",".339"
"1718121743-253","https://www.milb.com/stats/pitching?page=14","STP","0","1","6.08","3","3","0","0","0","0","13.1","16","9","9","0","1","5","12","1.58",".302"
"1718121743-254","https://www.milb.com/stats/pitching?page=14","TOL","0","0","11.57","5","5","0","0","0","0","14.0","21","18","18","4","0","11","11","2.29",".333"
"1718121743-255","https://www.milb.com/stats/pitching?page=14","LHV","0","0","8.10","9","0","0","0","0","0","13.1","15","12","12","1","0","18","11","2.48",".294"
"1718121743-256","https://www.milb.com/stats/pitching?page=14","LOU","0","0","4.05","7","0","0","0","2","2","6.2","7","3","3","0","1","2","11","1.35",".280"
"1718121743-257","https://www.milb.com/stats/pitching?page=14","BUF","2","1","1.74","4","2","0","0","0","0","10.1","6","4","2","1","1","2","11","0.77",".162"
"1718121743-258","https://www.milb.com/stats/pitching?page=14","STP","0","5","10.54","9","7","0","0","0","0","27.1","52","33","32","7","0","6","11","2.12",".406"
"1718121766-259","https://www.milb.com/stats/pitching?page=13","DUR","1","0","0.82","2","2","0","0","0","0","11.0","2","1","1","1","0","3","15","0.45",".057"
"1718121766-260","https://www.milb.com/stats/pitching?page=13","IOW","0","2","1.54","9","0","0","0","3","4","11.2","8","4","2","1","0","5","15","1.11",".186"
"1718121766-261","https://www.milb.com/stats/pitching?page=13","STP","1","0","2.08","2","2","0","0","0","0","8.2","7","2","2","1","0","3","15","1.15",".219"
"1718121766-262","https://www.milb.com/stats/pitching?page=13","NOR","1","0","3.55","5","0","0","0","0","0","12.2","9","5","5","2","0","6","15","1.18",".196"
"1718121766-263","https://www.milb.com/stats/pitching?page=13","ROC","1","2","9.77","11","0","0","0","0","1","15.2","15","18","17","5","1","18","15","2.11",".263"
"1718121766-264","https://www.milb.com/stats/pitching?page=13","LHV","1","1","4.63","6","4","1","0","0","0","23.1","26","12","12","2","1","13","15","1.67",".286"
"1718121766-265","https://www.milb.com/stats/pitching?page=13","SWB","0","0","11.37","11","0","0","0","0","0","12.2","23","16","16","6","0","8","15","2.45",".390"
"1718121766-266","https://www.milb.com/stats/pitching?page=13","CLT","2","1","5.32","12","1","0","0","0","0","22.0","23","15","13","5","0","9","14","1.45",".267"
"1718121766-267","https://www.milb.com/stats/pitching?page=13","COL","0","3","10.43","5","4","0","0","0","0","14.2","17","17","17","3","0","8","14","1.70",".298"
"1718121766-268","https://www.milb.com/stats/pitching?page=13","JAX","0","0","0.71","11","2","0","0","0","0","12.2","4","1","1","0","0","4","14","0.63",".095"
"1718121766-269","https://www.milb.com/stats/pitching?page=13","OMA","1","0","5.63","11","0","0","0","0","0","16.0","18","11","10","5","1","12","14","1.88",".290"
"1718121766-270","https://www.milb.com/stats/pitching?page=13","LHV","1","0","4.96","12","2","0","0","0","2","16.1","14","12","9","4","3","9","14","1.41",".222"
"1718121766-271","https://www.milb.com/stats/pitching?page=13","IND","1","1","4.50","4","2","0","0","0","0","16.0","20","8","8","3","0","12","14","2.00",".313"
"1718121766-272","https://www.milb.com/stats/pitching?page=13","CLT","1","1","4.50","3","3","0","0","0","0","16.0","16","8","8","1","0","6","14","1.38",".262"
"1718121766-273","https://www.milb.com/stats/pitching?page=13","SYR","0","0","3.66","9","2","0","0","0","0","19.2","21","10","8","4","1","9","14","1.53",".269"
"1718121766-274","https://www.milb.com/stats/pitching?page=13","MEM","0","2","5.84","8","0","0","0","0","0","12.1","13","8","8","4","0","4","14","1.38",".283"
"1718121766-275","https://www.milb.com/stats/pitching?page=13","TOL","0","0","5.40","6","0","0","0","1","2","10.0","11","6","6","1","0","3","14","1.40",".275"
"1718121766-276","https://www.milb.com/stats/pitching?page=13","NOR","1","1","7.02","15","0","0","0","1","1","16.2","23","14","13","2","0","19","14","2.52",".343"
"1718121766-277","https://www.milb.com/stats/pitching?page=13","MEM","0","1","5.65","7","0","0","0","0","0","14.1","18","11","9","2","1","5","14","1.60",".316"
"1718121766-278","https://www.milb.com/stats/pitching?page=13","BUF","2","2","9.00","5","5","0","0","0","0","22.0","24","23","22","4","4","11","14","1.59",".267"
"1718121766-279","https://www.milb.com/stats/pitching?page=13","STP","0","0","5.09","11","0","0","0","0","0","17.2","18","11","10","2","1","10","14","1.58",".269"
"1718121766-280","https://www.milb.com/stats/pitching?page=13","OMA","0","0","3.00","3","3","0","0","0","0","18.0","16","6","6","2","1","5","13","1.17",".262"
"1718121766-281","https://www.milb.com/stats/pitching?page=13","NAS","1","0","2.95","7","5","0","0","0","0","18.1","17","7","6","3","2","3","13","1.09",".246"
"1718121766-282","https://www.milb.com/stats/pitching?page=13","SYR","0","0","3.24","6","0","0","0","0","0","8.1","9","3","3","1","1","1","13","1.20",".281"
"1718121766-283","https://www.milb.com/stats/pitching?page=13","BUF","0","1","3.38","9","1","0","0","1","1","16.0","13","7","6","2","3","7","13","1.25",".217"
"1718121790-284","https://www.milb.com/stats/pitching?page=12","MEM","1","0","5.85","9","0","0","0","0","1","20.0","24","13","13","2","0","9","17","1.65",".296"
"1718121790-285","https://www.milb.com/stats/pitching?page=12","TOL","0","1","7.41","4","4","0","0","0","0","17.0","18","14","14","4","4","10","17","1.65",".269"
"1718121790-286","https://www.milb.com/stats/pitching?page=12","SWB","1","1","4.50","7","2","0","0","0","0","16.0","19","9","8","1","1","6","17","1.56",".284"
"1718121790-287","https://www.milb.com/stats/pitching?page=12","SWB","0","2","1.17","11","0","0","0","3","3","15.1","9","2","2","1","2","5","17","0.91",".167"
"1718121790-288","https://www.milb.com/stats/pitching?page=12","CLT","1","0","4.30","13","0","0","0","0","0","14.2","12","8","7","1","2","8","17","1.36",".218"
"1718121790-289","https://www.milb.com/stats/pitching?page=12","BUF","1","3","7.59","7","3","0","0","0","0","21.1","23","18","18","8","1","3","17","1.22",".274"
"1718121790-290","https://www.milb.com/stats/pitching?page=12","NOR","1","1","5.87","3","1","0","0","0","0","15.1","19","11","10","2","0","1","17","1.30",".297"
"1718121790-291","https://www.milb.com/stats/pitching?page=12","WOR","1","2","4.19","5","4","0","0","0","0","19.1","24","15","9","1","0","4","17","1.45",".279"
"1718121790-292","https://www.milb.com/stats/pitching?page=12","STP","2","0","5.63","9","0","0","0","2","2","16.0","20","11","10","1","2","6","17","1.63",".313"
"1718121790-293","https://www.milb.com/stats/pitching?page=12","TOL","2","1","3.86","9","0","0","0","1","2","14.0","16","6","6","0","0","9","16","1.79",".286"
"1718121790-294","https://www.milb.com/stats/pitching?page=12","NAS","1","1","2.87","15","0","0","0","1","1","15.2","13","8","5","1","0","7","16","1.28",".224"
"1718121790-295","https://www.milb.com/stats/pitching?page=12","OMA","0","0","5.14","5","5","0","0","0","0","21.0","24","12","12","3","3","7","16","1.48",".282"
"1718121790-296","https://www.milb.com/stats/pitching?page=12","IND","2","1","9.00","14","2","0","0","0","1","20.0","27","24","20","4","2","26","16","2.65",".329"
"1718121790-297","https://www.milb.com/stats/pitching?page=12","JAX","1","0","3.93","4","4","0","0","0","0","18.1","14","8","8","3","0","3","16","0.93",".212"
"1718121790-298","https://www.milb.com/stats/pitching?page=12","IND","2","1","6.00","7","1","0","0","0","0","18.0","16","13","12","3","0","15","16","1.72",".235"
"1718121790-299","https://www.milb.com/stats/pitching?page=12","NOR","0","1","12.08","14","0","0","0","2","2","12.2","21","19","17","2","0","10","16","2.45",".356"
"1718121790-300","https://www.milb.com/stats/pitching?page=12","BUF","0","0","0.68","6","5","0","0","0","0","13.1","6","2","1","0","1","9","16","1.13",".130"
"1718121790-301","https://www.milb.com/stats/pitching?page=12","MEM","1","0","0.98","14","0","0","0","2","2","18.1","12","2","2","1","0","6","16","0.98",".185"
"1718121790-302","https://www.milb.com/stats/pitching?page=12","STP","0","1","4.22","8","0","0","0","0","0","10.2","9","5","5","1","0","3","16","1.13",".231"
"1718121790-303","https://www.milb.com/stats/pitching?page=12","NAS","2","1","2.77","14","0","0","0","1","3","13.0","6","7","4","3","2","12","16","1.38",".133"
"1718121790-304","https://www.milb.com/stats/pitching?page=12","WOR","0","2","5.68","9","1","0","0","1","2","12.2","12","11","8","3","3","11","16","1.82",".255"
"1718121790-305","https://www.milb.com/stats/pitching?page=12","SYR","1","1","4.91","11","0","0","0","1","1","11.0","13","7","6","2","1","5","15","1.64",".277"
"1718121790-306","https://www.milb.com/stats/pitching?page=12","DUR","1","0","3.94","12","0","0","0","0","0","16.0","11","8","7","0","0","15","15","1.63",".208"
"1718121790-307","https://www.milb.com/stats/pitching?page=12","JAX","1","3","4.03","9","1","0","0","0","0","22.1","30","10","10","1","0","9","15","1.75",".323"
"1718121790-308","https://www.milb.com/stats/pitching?page=12","WOR","2","0","2.70","4","0","0","0","0","1","6.2","3","2","2","0","1","1","15","0.60",".130"
"1718121794-309","https://www.milb.com/stats/pitching?page=11","OMA","1","1","2.87","10","0","0","0","0","0","15.2","14","5","5","1","0","9","19","1.47",".226"
"1718121794-310","https://www.milb.com/stats/pitching?page=11","COL","2","0","0.00","7","0","0","0","1","1","9.0","4","0","0","0","0","1","19","0.56",".129"
"1718121794-311","https://www.milb.com/stats/pitching?page=11","TOL","2","2","6.04","13","0","0","0","0","0","22.1","22","18","15","2","0","19","19","1.84",".262"
"1718121794-312","https://www.milb.com/stats/pitching?page=11","IND","0","3","7.97","4","4","0","0","0","0","20.1","26","22","18","4","2","14","19","1.97",".295"
"1718121794-313","https://www.milb.com/stats/pitching?page=11","NAS","2","0","2.60","14","0","0","0","1","2","17.1","13","5","5","0","0","4","19","0.98",".203"
"1718121794-314","https://www.milb.com/stats/pitching?page=11","DUR","2","2","5.71","5","4","0","0","0","0","17.1","17","11","11","4","2","6","19","1.33",".254"
"1718121794-315","https://www.milb.com/stats/pitching?page=11","CLT","1","0","2.36","17","0","0","0","0","1","26.2","20","9","7","2","0","14","19","1.28",".206"
"1718121794-316","https://www.milb.com/stats/pitching?page=11","DUR","2","0","1.84","9","0","0","0","1","1","14.2","10","3","3","1","0","4","19","0.95",".185"
"1718121794-317","https://www.milb.com/stats/pitching?page=11","SYR","2","2","2.45","14","1","0","0","1","2","18.1","11","8","5","4","1","10","19","1.15",".180"
"1718121794-318","https://www.milb.com/stats/pitching?page=11","LHV","1","0","7.78","20","0","0","0","2","2","19.2","18","17","17","4","3","16","18","1.73",".240"
"1718121794-319","https://www.milb.com/stats/pitching?page=11","NAS","1","3","4.97","12","4","0","0","0","0","29.0","29","17","16","3","0","13","18","1.45",".252"
"1718121794-320","https://www.milb.com/stats/pitching?page=11","IOW","1","1","6.55","10","0","0","0","0","0","11.0","12","10","8","1","0","11","18","2.09",".267"
"1718121794-321","https://www.milb.com/stats/pitching?page=11","ROC","2","2","2.73","19","0","0","0","0","0","26.1","20","10","8","4","1","9","18","1.10",".204"
"1718121794-322","https://www.milb.com/stats/pitching?page=11","CLT","1","1","5.17","14","0","0","0","1","3","15.2","11","9","9","5","1","13","18","1.53",".193"
"1718121794-323","https://www.milb.com/stats/pitching?page=11","ROC","1","1","5.54","22","0","0","0","0","0","26.0","24","17","16","2","1","18","18","1.62",".245"
"1718121794-324","https://www.milb.com/stats/pitching?page=11","DUR","0","0","1.88","14","0","0","0","4","4","14.1","13","3","3","2","1","3","18","1.12",".250"
"1718121794-325","https://www.milb.com/stats/pitching?page=11","MEM","1","4","6.35","8","4","0","0","1","2","28.1","33","22","20","2","2","12","18","1.59",".306"
"1718121794-326","https://www.milb.com/stats/pitching?page=11","NOR","1","1","7.94","11","0","0","0","0","1","11.1","15","10","10","3","0","6","18","1.85",".326"
"1718121794-327","https://www.milb.com/stats/pitching?page=11","IOW","1","1","4.97","9","0","0","0","0","1","12.2","7","7","7","2","1","7","18","1.11",".159"
"1718121794-328","https://www.milb.com/stats/pitching?page=11","LOU","0","0","1.30","11","5","0","0","0","0","27.2","16","5","4","1","0","11","18","0.98",".165"
"1718121794-329","https://www.milb.com/stats/pitching?page=11","SYR","1","1","1.59","12","0","0","0","2","3","11.1","7","2","2","0","2","11","18","1.59",".171"
"1718121794-330","https://www.milb.com/stats/pitching?page=11","NAS","0","1","5.25","3","3","0","0","0","0","12.0","12","7","7","4","1","6","17","1.50",".273"
"1718121794-331","https://www.milb.com/stats/pitching?page=11","LHV","2","0","8.53","12","0","0","0","0","0","12.2","14","13","12","4","3","11","17","1.97",".286"
"1718121794-332","https://www.milb.com/stats/pitching?page=11","MEM","2","0","4.61","12","0","0","0","2","3","13.2","10","7","7","1","2","13","17","1.68",".213"
"1718121794-333","https://www.milb.com/stats/pitching?page=11","SYR","3","0","2.17","16","1","0","0","1","1","29.0","25","9","7","2","1","2","17","0.93",".236"
"1718121800-334","https://www.milb.com/stats/pitching?page=10","SYR","4","0","2.45","19","0","0","0","2","2","22.0","17","8","6","1","3","11","22","1.27",".210"
"1718121800-335","https://www.milb.com/stats/pitching?page=10","IOW","1","1","7.50","5","5","0","0","0","0","18.0","17","15","15","4","0","11","22","1.56",".254"
"1718121800-336","https://www.milb.com/stats/pitching?page=10","GWN","0","1","4.50","9","1","0","0","3","3","14.0","13","9","7","5","1","5","22","1.29",".245"
"1718121800-337","https://www.milb.com/stats/pitching?page=10","COL","2","4","4.26","17","1","0","0","0","3","25.1","21","18","12","5","0","15","22","1.42",".219"
"1718121800-338","https://www.milb.com/stats/pitching?page=10","NOR","1","2","8.68","6","6","0","0","0","0","18.2","22","18","18","5","1","7","22","1.55",".293"
"1718121800-339","https://www.milb.com/stats/pitching?page=10","COL","0","1","5.85","6","4","0","0","0","0","20.0","28","17","13","5","0","11","22","1.95",".326"
"1718121800-340","https://www.milb.com/stats/pitching?page=10","JAX","1","1","4.50","13","0","0","0","1","3","18.0","17","10","9","3","2","11","22","1.56",".243"
"1718121800-341","https://www.milb.com/stats/pitching?page=10","LOU","1","1","6.27","17","0","0","0","0","0","18.2","23","14","13","4","2","18","21","2.20",".303"
"1718121800-342","https://www.milb.com/stats/pitching?page=10","NAS","1","1","3.13","17","0","0","0","0","0","23.0","29","15","8","2","1","18","21","2.04",".319"
"1718121800-343","https://www.milb.com/stats/pitching?page=10","IND","0","0","7.04","14","0","0","0","0","0","15.1","19","12","12","1","1","9","21","1.83",".292"
"1718121800-344","https://www.milb.com/stats/pitching?page=10","CLT","3","0","3.58","20","0","0","0","2","2","27.2","17","12","11","3","6","14","21","1.12",".179"
"1718121800-345","https://www.milb.com/stats/pitching?page=10","NAS","1","3","4.76","8","4","0","0","0","0","28.1","24","15","15","6","0","10","21","1.20",".222"
"1718121800-346","https://www.milb.com/stats/pitching?page=10","LOU","3","2","4.38","10","3","0","0","0","0","24.2","24","19","12","4","2","16","21","1.62",".261"
"1718121800-347","https://www.milb.com/stats/pitching?page=10","GWN","1","2","2.81","10","0","0","0","0","0","16.0","13","9","5","2","2","4","21","1.06",".217"
"1718121800-348","https://www.milb.com/stats/pitching?page=10","NOR","1","4","6.52","19","0","0","0","0","0","19.1","10","16","14","3","2","22","20","1.66",".161"
"1718121800-349","https://www.milb.com/stats/pitching?page=10","COL","1","2","7.88","16","0","0","0","0","1","24.0","27","24","21","4","3","19","20","1.92",".297"
"1718121800-350","https://www.milb.com/stats/pitching?page=10","OMA","2","0","5.14","13","0","0","0","3","3","14.0","10","8","8","2","0","8","20","1.29",".196"
"1718121800-351","https://www.milb.com/stats/pitching?page=10","OMA","1","1","7.64","5","5","0","0","0","0","17.2","31","18","15","3","3","6","20","2.09",".383"
"1718121800-352","https://www.milb.com/stats/pitching?page=10","NAS","0","1","10.93","15","0","0","0","0","0","14.0","15","18","17","1","0","14","20","2.07",".273"
"1718121800-353","https://www.milb.com/stats/pitching?page=10","IOW","1","2","5.84","10","0","0","0","0","2","12.1","22","8","8","0","0","1","20","1.86",".373"
"1718121800-354","https://www.milb.com/stats/pitching?page=10","JAX","3","2","4.34","14","0","0","0","3","3","18.2","13","10","9","1","2","12","20","1.34",".197"
"1718121800-355","https://www.milb.com/stats/pitching?page=10","NAS","1","0","3.48","14","0","0","0","0","1","20.2","15","10","8","1","1","10","20","1.21",".205"
"1718121800-356","https://www.milb.com/stats/pitching?page=10","SYR","3","0","1.38","13","0","0","0","2","2","13.0","7","2","2","0","0","6","20","1.00",".156"
"1718121800-357","https://www.milb.com/stats/pitching?page=10","OMA","2","1","4.86","15","0","0","0","0","0","16.2","9","9","9","2","2","11","20","1.20",".161"
"1718121800-358","https://www.milb.com/stats/pitching?page=10","LHV","0","4","8.51","9","4","0","0","0","1","24.1","38","33","23","4","1","19","19","2.34",".355"
"1718121822-359","https://www.milb.com/stats/pitching?page=9","LOU","4","0","2.31","19","0","0","0","0","0","23.1","16","8","6","0","5","10","24","1.11",".200"
"1718121822-360","https://www.milb.com/stats/pitching?page=9","BUF","2","0","3.18","22","0","0","0","4","5","22.2","22","9","8","4","0","9","24","1.37",".250"
"1718121822-361","https://www.milb.com/stats/pitching?page=9","LOU","1","1","2.36","18","0","0","0","0","0","26.2","17","8","7","2","2","8","24","0.94",".185"
"1718121822-362","https://www.milb.com/stats/pitching?page=9","MEM","1","0","1.45","16","0","0","0","4","4","18.2","13","3","3","0","0","9","24","1.18",".197"
"1718121822-363","https://www.milb.com/stats/pitching?page=9","BUF","1","3","4.87","17","0","0","0","0","1","20.1","15","12","11","2","1","12","24","1.33",".205"
"1718121822-364","https://www.milb.com/stats/pitching?page=9","DUR","4","2","4.56","20","0","0","0","0","1","25.2","20","14","13","3","2","16","24","1.40",".206"
"1718121822-365","https://www.milb.com/stats/pitching?page=9","NAS","1","1","1.45","5","3","0","0","0","0","18.2","13","3","3","2","0","7","24","1.07",".191"
"1718121822-366","https://www.milb.com/stats/pitching?page=9","JAX","1","1","4.74","11","0","0","0","3","5","19.0","18","11","10","4","0","8","24","1.37",".247"
"1718121822-367","https://www.milb.com/stats/pitching?page=9","DUR","1","3","5.33","7","7","0","0","0","0","25.1","25","15","15","2","3","17","23","1.66",".263"
"1718121822-368","https://www.milb.com/stats/pitching?page=9","NOR","0","0","2.49","9","2","0","0","0","0","25.1","23","7","7","1","1","7","23","1.18",".245"
"1718121822-369","https://www.milb.com/stats/pitching?page=9","OMA","2","0","1.93","21","0","0","0","8","10","23.1","8","7","5","1","0","14","23","0.94",".103"
"1718121822-370","https://www.milb.com/stats/pitching?page=9","LHV","3","1","2.57","23","0","0","0","0","0","21.0","10","8","6","3","2","11","23","1.00",".147"
"1718121822-371","https://www.milb.com/stats/pitching?page=9","OMA","1","2","1.31","16","0","0","0","2","3","20.2","17","6","3","0","0","5","23","1.06",".218"
"1718121822-372","https://www.milb.com/stats/pitching?page=9","OMA","2","1","6.38","18","0","0","0","0","1","18.1","14","13","13","4","1","17","23","1.69",".203"
"1718121822-373","https://www.milb.com/stats/pitching?page=9","IOW","1","0","4.70","11","0","0","0","0","0","15.1","11","12","8","2","1","22","23","2.15",".190"
"1718121822-374","https://www.milb.com/stats/pitching?page=9","SWB","2","0","1.69","16","0","0","0","2","2","21.1","12","4","4","3","0","10","23","1.03",".167"
"1718121822-375","https://www.milb.com/stats/pitching?page=9","DUR","1","1","7.07","3","3","0","0","0","0","14.0","19","11","11","1","0","5","23","1.71",".311"
"1718121822-376","https://www.milb.com/stats/pitching?page=9","TOL","1","0","2.95","13","0","0","0","3","4","21.1","19","7","7","0","2","11","22","1.41",".244"
"1718121822-377","https://www.milb.com/stats/pitching?page=9","SYR","2","2","3.86","5","5","0","0","0","0","25.2","22","12","11","3","2","13","22","1.36",".227"
"1718121822-378","https://www.milb.com/stats/pitching?page=9","STP","0","0","2.50","18","0","0","0","5","6","18.0","13","6","5","1","1","6","22","1.06",".194"
"1718121822-379","https://www.milb.com/stats/pitching?page=9","BUF","1","1","4.98","22","0","0","0","4","4","21.2","20","14","12","3","0","19","22","1.80",".233"
"1718121822-380","https://www.milb.com/stats/pitching?page=9","IOW","1","0","3.48","8","0","0","0","1","1","10.1","9","4","4","1","0","5","22","1.35",".237"
"1718121822-381","https://www.milb.com/stats/pitching?page=9","SWB","1","1","3.45","22","1","0","0","0","4","28.2","35","19","11","4","0","11","22","1.60",".294"
"1718121822-382","https://www.milb.com/stats/pitching?page=9","SYR","3","1","5.31","16","0","0","0","0","0","20.1","22","12","12","2","2","22","22","2.16",".293"
"1718121822-383","https://www.milb.com/stats/pitching?page=9","IOW","2","3","1.93","19","0","0","0","7","8","23.1","20","8","5","1","0","14","22","1.46",".233"
"1718121845-384","https://www.milb.com/stats/pitching?page=8","GWN","1","0","5.79","14","2","0","0","0","0","23.1","30","18","15","3","2","9","26","1.67",".309"
"1718121845-385","https://www.milb.com/stats/pitching?page=8","COL","1","1","6.85","7","6","0","0","0","0","22.1","20","18","17","4","0","15","26","1.57",".241"
"1718121845-386","https://www.milb.com/stats/pitching?page=8","BUF","5","0","3.38","12","0","0","0","0","0","24.0","15","10","9","0","1","20","26","1.46",".179"
"1718121845-387","https://www.milb.com/stats/pitching?page=8","JAX","0","0","3.32","14","0","0","0","0","0","19.0","13","7","7","4","1","4","26","0.89",".191"
"1718121845-388","https://www.milb.com/stats/pitching?page=8","IOW","3","1","4.15","19","0","0","0","0","1","26.0","23","14","12","4","2","7","26","1.15",".228"
"1718121845-389","https://www.milb.com/stats/pitching?page=8","GWN","2","1","5.06","13","0","0","0","0","1","21.1","14","13","12","2","0","17","26","1.45",".184"
"1718121845-390","https://www.milb.com/stats/pitching?page=8","CLT","1","2","2.50","16","0","0","0","6","8","18.0","14","8","5","1","0","4","25","1.00",".206"
"1718121845-391","https://www.milb.com/stats/pitching?page=8","COL","0","0","2.12","12","0","0","0","1","2","17.0","10","5","4","1","1","6","25","0.94",".172"
"1718121845-392","https://www.milb.com/stats/pitching?page=8","LHV","0","3","8.54","6","6","0","0","0","0","26.1","35","28","25","4","0","15","25","1.90",".321"
"1718121845-393","https://www.milb.com/stats/pitching?page=8","IND","6","1","3.00","13","1","0","0","0","0","24.0","18","8","8","5","0","4","25","0.92",".205"
"1718121845-394","https://www.milb.com/stats/pitching?page=8","TOL","2","0","2.28","20","1","0","0","1","1","27.2","21","9","7","2","1","8","25","1.05",".204"
"1718121845-395","https://www.milb.com/stats/pitching?page=8","NAS","3","3","3.60","10","3","0","0","0","0","25.0","23","12","10","3","3","10","25","1.32",".242"
"1718121845-396","https://www.milb.com/stats/pitching?page=8","LOU","4","0","2.25","17","0","0","0","0","2","20.0","21","7","5","3","1","8","25","1.45",".263"
"1718121845-397","https://www.milb.com/stats/pitching?page=8","NOR","2","2","2.82","21","0","0","0","1","2","22.1","16","8","7","2","0","13","25","1.30",".205"
"1718121845-398","https://www.milb.com/stats/pitching?page=8","BUF","0","2","4.15","16","0","0","0","0","1","17.1","17","9","8","0","0","13","25","1.73",".262"
"1718121845-399","https://www.milb.com/stats/pitching?page=8","LHV","1","1","3.57","14","0","0","0","1","1","17.2","14","8","7","1","0","15","25","1.64",".222"
"1718121845-400","https://www.milb.com/stats/pitching?page=8","ROC","4","0","1.59","19","0","0","0","0","1","28.1","21","6","5","1","2","13","25","1.20",".212"
"1718121845-401","https://www.milb.com/stats/pitching?page=8","IOW","1","1","7.71","11","1","0","0","0","1","14.0","12","13","12","3","1","10","25","1.57",".235"
"1718121845-402","https://www.milb.com/stats/pitching?page=8","JAX","1","2","3.80","18","0","0","0","1","1","23.2","22","14","10","4","5","9","25","1.31",".244"
"1718121845-403","https://www.milb.com/stats/pitching?page=8","COL","1","0","4.50","16","0","0","0","5","5","18.0","19","9","9","2","1","3","25","1.22",".264"
"1718121845-404","https://www.milb.com/stats/pitching?page=8","SWB","1","4","6.65","12","9","0","0","1","1","43.1","52","33","32","8","1","12","25","1.48",".289"
"1718121845-405","https://www.milb.com/stats/pitching?page=8","SYR","0","2","2.12","14","0","0","0","4","4","17.0","7","7","4","2","1","8","25","0.88",".117"
"1718121845-406","https://www.milb.com/stats/pitching?page=8","NAS","2","4","7.24","7","5","0","0","0","0","27.1","31","26","22","6","2","21","25","1.90",".279"
"1718121845-407","https://www.milb.com/stats/pitching?page=8","COL","1","2","3.38","13","0","0","0","0","2","13.1","8","6","5","1","2","7","24","1.13",".182"
"1718121845-408","https://www.milb.com/stats/pitching?page=8","JAX","1","1","4.82","15","0","0","0","2","3","18.2","12","11","10","1","4","18","24","1.61",".185"
"1718121850-409","https://www.milb.com/stats/pitching?page=7","IND","2","2","7.44","17","4","0","0","0","0","32.2","35","28","27","7","0","14","29","1.50",".278"
"1718121850-410","https://www.milb.com/stats/pitching?page=7","IND","2","1","3.28","5","5","0","0","0","0","24.2","21","9","9","1","1","7","29","1.14",".226"
"1718121850-411","https://www.milb.com/stats/pitching?page=7","DUR","0","0","5.96","20","1","0","0","2","2","22.2","28","17","15","2","0","14","29","1.85",".298"
"1718121850-412","https://www.milb.com/stats/pitching?page=7","ROC","2","1","8.31","20","0","0","0","1","1","21.2","25","21","20","5","3","13","28","1.75",".284"
"1718121850-413","https://www.milb.com/stats/pitching?page=7","BUF","2","2","6.63","8","8","0","0","0","0","38.0","49","29","28","9","5","17","28","1.74",".308"
"1718121850-414","https://www.milb.com/stats/pitching?page=7","GWN","3","0","3.86","18","0","0","0","2","2","18.2","9","9","8","1","1","12","28","1.13",".145"
"1718121850-415","https://www.milb.com/stats/pitching?page=7","TOL","1","2","4.23","21","0","0","0","1","4","27.2","25","15","13","2","1","14","28","1.41",".236"
"1718121850-416","https://www.milb.com/stats/pitching?page=7","COL","1","2","5.96","17","0","0","0","1","3","22.2","23","17","15","7","1","15","28","1.68",".256"
"1718121850-417","https://www.milb.com/stats/pitching?page=7","SWB","2","0","1.07","14","0","0","0","1","1","25.1","19","4","3","1","0","10","28","1.14",".209"
"1718121850-418","https://www.milb.com/stats/pitching?page=7","SYR","2","1","3.24","22","0","0","0","3","3","25.0","22","11","9","2","2","19","28","1.64",".242"
"1718121850-419","https://www.milb.com/stats/pitching?page=7","ROC","1","2","5.00","21","0","0","0","0","1","27.0","28","15","15","4","2","11","28","1.44",".267"
"1718121850-420","https://www.milb.com/stats/pitching?page=7","SWB","1","3","6.45","18","0","0","0","0","0","22.1","15","16","16","3","2","18","27","1.48",".195"
"1718121850-421","https://www.milb.com/stats/pitching?page=7","COL","1","0","4.81","13","1","0","0","0","1","24.1","19","15","13","2","0","6","27","1.03",".213"
"1718121850-422","https://www.milb.com/stats/pitching?page=7","CLT","1","4","7.56","24","0","0","0","0","2","25.0","31","25","21","5","1","17","27","1.92",".307"
"1718121850-423","https://www.milb.com/stats/pitching?page=7","MEM","3","0","3.18","19","0","0","0","0","0","22.2","13","9","8","2","1","17","27","1.32",".160"
"1718121850-424","https://www.milb.com/stats/pitching?page=7","OMA","4","1","4.81","22","0","0","0","1","3","24.1","21","14","13","3","3","12","27","1.36",".233"
"1718121850-425","https://www.milb.com/stats/pitching?page=7","GWN","1","0","2.29","15","0","0","0","1","1","19.2","20","6","5","1","1","11","27","1.58",".267"
"1718121850-426","https://www.milb.com/stats/pitching?page=7","WOR","2","1","3.86","18","0","0","0","3","4","23.1","23","11","10","2","0","7","27","1.29",".253"
"1718121850-427","https://www.milb.com/stats/pitching?page=7","JAX","3","2","3.94","8","6","0","0","0","0","32.0","27","14","14","2","2","14","27","1.28",".239"
"1718121850-428","https://www.milb.com/stats/pitching?page=7","GWN","2","1","4.50","18","0","0","0","0","0","20.0","20","10","10","4","2","13","26","1.65",".260"
"1718121850-429","https://www.milb.com/stats/pitching?page=7","JAX","0","3","6.60","9","4","0","0","0","0","30.0","45","22","22","4","2","8","26","1.77",".354"
"1718121850-430","https://www.milb.com/stats/pitching?page=7","IND","1","2","5.34","22","0","0","0","3","4","28.2","27","21","17","3","2","13","26","1.40",".252"
"1718121850-431","https://www.milb.com/stats/pitching?page=7","TOL","0","2","9.30","6","6","0","0","0","0","20.1","26","22","21","6","0","16","26","2.07",".310"
"1718121850-432","https://www.milb.com/stats/pitching?page=7","BUF","0","2","6.50","4","4","0","0","0","0","18.0","23","13","13","4","0","7","26","1.67",".315"
"1718121850-433","https://www.milb.com/stats/pitching?page=7","IND","0","1","4.67","7","2","0","0","1","1","17.1","17","10","9","2","0","18","26","2.02",".262"
"1718121854-434","https://www.milb.com/stats/pitching?page=6","WOR","2","2","7.50","17","0","0","0","0","0","24.0","24","20","20","4","3","21","31","1.88",".264"
"1718121854-435","https://www.milb.com/stats/pitching?page=6","BUF","2","1","2.55","16","0","0","0","1","3","17.2","16","6","5","1","0","7","31","1.30",".235"
"1718121854-436","https://www.milb.com/stats/pitching?page=6","LOU","3","2","3.99","20","2","0","0","0","3","29.1","29","16","13","2","0","9","31","1.30",".261"
"1718121854-437","https://www.milb.com/stats/pitching?page=6","BUF","2","1","6.75","16","1","0","0","0","1","18.2","22","14","14","3","2","12","31","1.82",".297"
"1718121854-438","https://www.milb.com/stats/pitching?page=6","BUF","4","1","2.76","24","0","0","0","0","1","29.1","20","12","9","2","2","14","31","1.16",".198"
"1718121854-439","https://www.milb.com/stats/pitching?page=6","TOL","2","0","3.72","6","5","0","0","0","0","29.0","24","12","12","3","0","10","31","1.17",".231"
"1718121854-440","https://www.milb.com/stats/pitching?page=6","JAX","2","4","5.49","8","7","0","0","0","0","41.0","35","27","25","7","4","18","31","1.29",".226"
"1718121854-441","https://www.milb.com/stats/pitching?page=6","WOR","2","1","4.82","15","2","0","0","1","1","28.0","27","22","15","4","3","15","31","1.50",".250"
"1718121854-442","https://www.milb.com/stats/pitching?page=6","IOW","0","4","6.42","8","7","0","0","0","0","33.2","40","26","24","10","2","20","31","1.78",".296"
"1718121854-443","https://www.milb.com/stats/pitching?page=6","TOL","0","0","3.33","18","3","0","0","2","3","27.0","21","11","10","6","2","16","31","1.37",".212"
"1718121854-444","https://www.milb.com/stats/pitching?page=6","NAS","4","0","2.63","24","0","0","0","2","3","24.0","14","7","7","2","0","8","31","0.92",".165"
"1718121854-445","https://www.milb.com/stats/pitching?page=6","LOU","2","0","3.55","19","0","0","0","1","1","25.1","22","13","10","1","1","18","31","1.58",".229"
"1718121854-446","https://www.milb.com/stats/pitching?page=6","OMA","1","0","2.63","24","0","0","0","3","4","27.1","21","8","8","4","0","14","30","1.28",".221"
"1718121854-447","https://www.milb.com/stats/pitching?page=6","NOR","1","1","6.55","23","0","0","0","5","6","22.0","19","16","16","4","0","13","30","1.45",".226"
"1718121854-448","https://www.milb.com/stats/pitching?page=6","SWB","2","1","3.09","19","0","0","0","4","5","23.1","20","8","8","2","2","10","30","1.29",".235"
"1718121854-449","https://www.milb.com/stats/pitching?page=6","NOR","3","1","5.06","17","0","0","0","0","0","21.1","25","15","12","0","1","15","30","1.88",".291"
"1718121854-450","https://www.milb.com/stats/pitching?page=6","WOR","2","2","6.04","18","1","0","0","1","3","22.1","20","17","15","5","0","18","30","1.70",".244"
"1718121854-451","https://www.milb.com/stats/pitching?page=6","CLT","1","2","5.26","11","3","0","0","0","0","25.2","27","17","15","3","2","15","30","1.64",".265"
"1718121854-452","https://www.milb.com/stats/pitching?page=6","TOL","3","1","7.36","22","0","0","0","1","3","25.2","32","24","21","6","7","15","30","1.83",".299"
"1718121854-453","https://www.milb.com/stats/pitching?page=6","OMA","2","2","3.38","17","5","0","0","0","0","37.1","33","16","14","3","3","19","30","1.39",".241"
"1718121854-454","https://www.milb.com/stats/pitching?page=6","NOR","2","1","2.96","13","0","0","0","0","0","24.1","21","9","8","2","2","14","30","1.44",".236"
"1718121854-455","https://www.milb.com/stats/pitching?page=6","OMA","2","2","3.89","11","10","0","0","0","0","39.1","44","25","17","6","0","16","29","1.53",".282"
"1718121854-456","https://www.milb.com/stats/pitching?page=6","BUF","1","3","4.57","9","9","0","0","0","0","43.1","48","27","22","3","1","15","29","1.45",".282"
"1718121854-457","https://www.milb.com/stats/pitching?page=6","LHV","1","1","8.06","16","3","0","0","0","0","25.2","42","27","23","2","2","11","29","2.06",".362"
"1718121854-458","https://www.milb.com/stats/pitching?page=6","LHV","1","4","5.17","12","5","0","0","0","0","38.1","38","22","22","4","4","12","29","1.30",".257"
"1718121859-459","https://www.milb.com/stats/pitching?page=5","OMA","4","0","4.76","9","9","0","0","0","0","45.1","53","28","24","5","1","13","34","1.46",".296"
"1718121859-460","https://www.milb.com/stats/pitching?page=5","LHV","0","1","0.99","12","8","0","0","0","0","36.1","21","7","4","1","1","20","34","1.13",".169"
"1718121859-461","https://www.milb.com/stats/pitching?page=5","JAX","0","3","6.75","8","8","0","0","0","0","26.2","32","22","20","6","1","12","34","1.65",".296"
"1718121859-462","https://www.milb.com/stats/pitching?page=5","NAS","0","0","4.10","23","0","0","0","1","2","26.1","28","12","12","4","5","8","34","1.37",".264"
"1718121859-463","https://www.milb.com/stats/pitching?page=5","NAS","2","0","1.31","18","0","0","0","5","6","20.2","11","4","3","0","1","9","34","0.97",".153"
"1718121859-464","https://www.milb.com/stats/pitching?page=5","COL","0","1","4.56","11","5","0","0","0","0","23.2","21","13","12","5","3","19","34","1.69",".231"
"1718121859-465","https://www.milb.com/stats/pitching?page=5","DUR","1","2","3.46","16","1","0","0","1","3","26.0","19","11","10","3","1","8","34","1.04",".204"
"1718121859-466","https://www.milb.com/stats/pitching?page=5","NOR","2","3","4.35","8","7","0","0","0","1","39.1","45","26","19","2","2","13","34","1.47",".288"
"1718121859-467","https://www.milb.com/stats/pitching?page=5","NOR","1","2","2.80","14","3","0","0","0","0","35.1","30","18","11","4","0","14","33","1.25",".224"
"1718121859-468","https://www.milb.com/stats/pitching?page=5","ROC","0","2","9.74","15","4","0","0","0","0","32.1","43","36","35","4","2","17","33","1.86",".323"
"1718121859-469","https://www.milb.com/stats/pitching?page=5","SWB","2","0","3.18","21","0","0","0","3","4","28.1","23","11","10","2","0","9","33","1.13",".221"
"1718121859-470","https://www.milb.com/stats/pitching?page=5","BUF","2","4","7.99","17","7","0","0","0","1","32.2","43","33","29","10","1","19","33","1.90",".316"
"1718121859-471","https://www.milb.com/stats/pitching?page=5","STP","3","2","2.64","21","1","0","0","0","0","30.2","26","11","9","0","0","8","32","1.11",".222"
"1718121859-472","https://www.milb.com/stats/pitching?page=5","DUR","1","1","7.36","22","0","0","0","1","2","25.2","33","22","21","6","1","9","32","1.64",".320"
"1718121859-473","https://www.milb.com/stats/pitching?page=5","COL","2","2","4.97","18","0","0","0","1","1","25.1","21","15","14","5","2","16","32","1.46",".228"
"1718121859-474","https://www.milb.com/stats/pitching?page=5","IOW","2","1","3.90","19","0","0","0","0","0","32.1","20","14","14","4","2","24","32","1.36",".177"
"1718121859-475","https://www.milb.com/stats/pitching?page=5","DUR","1","2","4.56","15","5","0","0","0","1","25.2","23","19","13","3","3","15","32","1.48",".230"
"1718121859-476","https://www.milb.com/stats/pitching?page=5","STP","1","3","7.11","20","0","0","0","4","5","25.1","27","22","20","7","0","14","32","1.62",".267"
"1718121859-477","https://www.milb.com/stats/pitching?page=5","STP","0","2","3.94","18","0","0","0","1","1","32.0","32","15","14","4","1","9","32","1.28",".260"
"1718121859-478","https://www.milb.com/stats/pitching?page=5","JAX","3","2","5.18","8","7","0","0","0","0","41.2","40","25","24","8","2","15","32","1.32",".250"
"1718121859-479","https://www.milb.com/stats/pitching?page=5","SWB","4","0","3.60","15","1","0","0","0","0","25.0","23","11","10","2","2","14","32","1.48",".235"
"1718121859-480","https://www.milb.com/stats/pitching?page=5","NAS","0","1","6.21","13","5","0","0","0","0","33.1","38","26","23","6","1","17","32","1.65",".279"
"1718121859-481","https://www.milb.com/stats/pitching?page=5","WOR","3","2","5.54","9","6","0","0","0","0","37.1","40","23","23","5","3","17","32","1.53",".274"
"1718121859-482","https://www.milb.com/stats/pitching?page=5","WOR","1","2","6.86","11","7","0","0","0","0","39.1","56","32","30","6","0","15","32","1.81",".333"
"1718121859-483","https://www.milb.com/stats/pitching?page=5","JAX","1","2","4.66","19","0","0","0","2","2","29.0","25","16","15","4","5","10","31","1.21",".227"
"1718121881-484","https://www.milb.com/stats/pitching?page=4","IND","2","2","5.52","8","6","0","0","0","0","29.1","31","20","18","6","1","11","37","1.43",".272"
"1718121881-485","https://www.milb.com/stats/pitching?page=4","IND","2","0","3.82","20","0","0","0","0","0","30.2","36","17","13","1","2","15","37","1.66",".286"
"1718121881-486","https://www.milb.com/stats/pitching?page=4","SYR","2","3","7.46","11","11","0","0","0","0","44.2","51","39","37","11","4","22","37","1.63",".291"
"1718121881-487","https://www.milb.com/stats/pitching?page=4","ROC","3","5","6.35","11","11","0","0","0","0","45.1","50","38","32","4","7","32","36","1.81",".279"
"1718121881-488","https://www.milb.com/stats/pitching?page=4","STP","3","4","5.81","19","1","0","0","0","0","26.1","32","20","17","2","0","13","36","1.71",".288"
"1718121881-489","https://www.milb.com/stats/pitching?page=4","WOR","1","2","5.64","12","3","0","0","0","0","30.1","23","19","19","7","2","16","36","1.29",".202"
"1718121881-490","https://www.milb.com/stats/pitching?page=4","CLT","0","4","5.83","6","6","0","0","0","0","29.1","33","22","19","9","1","11","36","1.50",".275"
"1718121881-491","https://www.milb.com/stats/pitching?page=4","GWN","0","1","5.44","8","8","0","0","0","0","43.0","44","26","26","9","0","13","36","1.33",".265"
"1718121881-492","https://www.milb.com/stats/pitching?page=4","TOL","3","3","3.55","19","0","0","0","2","3","25.1","23","14","10","4","2","15","36","1.50",".237"
"1718121881-493","https://www.milb.com/stats/pitching?page=4","CLT","2","3","5.50","8","8","0","0","0","0","37.2","39","26","23","3","5","18","35","1.51",".271"
"1718121881-494","https://www.milb.com/stats/pitching?page=4","COL","0","6","8.10","9","8","0","0","0","0","40.0","47","37","36","15","2","18","35","1.63",".296"
"1718121881-495","https://www.milb.com/stats/pitching?page=4","ROC","4","1","3.24","22","0","0","0","9","9","25.0","15","10","9","4","1","14","35","1.16",".172"
"1718121881-496","https://www.milb.com/stats/pitching?page=4","BUF","2","1","4.20","23","0","0","0","1","1","30.0","30","14","14","0","1","11","35","1.37",".259"
"1718121881-497","https://www.milb.com/stats/pitching?page=4","OMA","4","0","2.63","22","0","0","0","1","2","24.0","17","7","7","0","2","11","35","1.17",".195"
"1718121881-498","https://www.milb.com/stats/pitching?page=4","GWN","1","2","6.10","8","8","0","0","0","0","31.0","30","21","21","9","1","17","35","1.52",".250"
"1718121881-499","https://www.milb.com/stats/pitching?page=4","MEM","2","2","3.28","25","0","0","0","2","3","35.2","42","14","13","3","0","6","35","1.35",".290"
"1718121881-500","https://www.milb.com/stats/pitching?page=4","IND","1","3","6.88","9","9","0","0","0","0","34.0","39","28","26","3","1","18","34","1.68",".289"
"1718121881-501","https://www.milb.com/stats/pitching?page=4","IOW","1","2","5.02","12","10","0","0","0","0","43.0","48","27","24","5","4","17","34","1.51",".286"
"1718121881-502","https://www.milb.com/stats/pitching?page=4","TOL","3","0","2.35","17","0","0","0","0","1","23.0","16","6","6","3","2","9","34","1.09",".198"
"1718121881-503","https://www.milb.com/stats/pitching?page=4","DUR","0","2","6.14","15","0","0","0","0","0","22.0","30","18","15","1","4","11","34","1.86",".323"
"1718121881-504","https://www.milb.com/stats/pitching?page=4","NOR","3","0","3.00","20","0","0","0","1","3","27.0","23","10","9","2","3","3","34","0.96",".223"
"1718121881-505","https://www.milb.com/stats/pitching?page=4","COL","2","3","3.75","21","0","0","0","4","7","24.0","17","10","10","4","0","16","34","1.38",".198"
"1718121881-506","https://www.milb.com/stats/pitching?page=4","WOR","2","1","3.91","19","0","0","0","0","1","25.1","21","11","11","3","7","16","34","1.46",".221"
"1718121881-507","https://www.milb.com/stats/pitching?page=4","IND","1","1","4.91","15","0","0","0","0","1","18.1","15","10","10","5","1","8","34","1.25",".214"
"1718121881-508","https://www.milb.com/stats/pitching?page=4","LOU","1","5","6.54","9","9","0","0","0","0","42.2","44","31","31","11","2","8","34","1.22",".272"
"1718121886-509","https://www.milb.com/stats/pitching?page=3","NAS","1","3","6.80","10","9","0","0","0","0","43.2","48","33","33","3","3","38","43","1.97",".284"
"1718121886-510","https://www.milb.com/stats/pitching?page=3","GWN","4","1","3.63","6","6","0","0","0","0","34.2","26","15","14","3","0","16","43","1.21",".205"
"1718121886-511","https://www.milb.com/stats/pitching?page=3","SYR","3","0","2.97","6","6","0","0","0","0","30.1","14","10","10","8","0","7","43","0.69",".133"
"1718121886-512","https://www.milb.com/stats/pitching?page=3","GWN","3","3","5.12","12","5","0","0","0","0","38.2","36","25","22","6","4","15","43","1.32",".240"
"1718121886-513","https://www.milb.com/stats/pitching?page=3","ROC","3","2","3.75","9","9","0","0","0","0","36.0","22","19","15","3","0","29","42","1.42",".177"
"1718121886-514","https://www.milb.com/stats/pitching?page=3","GWN","3","2","1.98","17","2","0","0","4","4","36.1","26","10","8","3","1","12","42","1.05",".202"
"1718121886-515","https://www.milb.com/stats/pitching?page=3","CLT","1","3","4.34","13","11","0","0","0","1","56.0","51","30","27","5","4","33","42","1.50",".250"
"1718121886-516","https://www.milb.com/stats/pitching?page=3","SYR","3","0","3.82","20","0","0","0","2","2","30.2","23","14","13","5","0","18","42","1.34",".207"
"1718121886-517","https://www.milb.com/stats/pitching?page=3","BUF","1","1","4.50","15","3","0","0","0","0","32.0","25","17","16","4","0","25","42","1.56",".219"
"1718121886-518","https://www.milb.com/stats/pitching?page=3","ROC","4","3","6.89","12","12","0","0","0","0","47.0","48","37","36","5","9","35","42","1.77",".265"
"1718121886-519","https://www.milb.com/stats/pitching?page=3","CLT","1","3","5.26","10","10","1","0","0","0","49.2","52","31","29","9","4","17","42","1.39",".269"
"1718121886-520","https://www.milb.com/stats/pitching?page=3","IND","1","4","6.75","22","2","0","0","4","6","30.2","28","27","23","9","3","22","41","1.63",".248"
"1718121886-521","https://www.milb.com/stats/pitching?page=3","STP","3","2","1.98","20","1","0","0","0","0","27.1","18","11","6","0","1","21","41","1.43",".188"
"1718121886-522","https://www.milb.com/stats/pitching?page=3","NOR","1","4","9.57","9","9","0","0","0","0","36.2","57","41","39","10","4","15","41","1.96",".354"
"1718121886-523","https://www.milb.com/stats/pitching?page=3","GWN","3","3","3.86","9","8","0","0","0","0","46.2","38","20","20","7","3","19","41","1.22",".218"
"1718121886-524","https://www.milb.com/stats/pitching?page=3","LHV","4","3","5.34","11","10","0","0","0","0","60.2","75","36","36","10","0","15","40","1.48",".310"
"1718121886-525","https://www.milb.com/stats/pitching?page=3","DUR","1","2","6.14","18","0","0","0","0","0","29.1","35","23","20","6","2","14","40","1.67",".294"
"1718121886-526","https://www.milb.com/stats/pitching?page=3","DUR","4","2","6.14","13","10","0","0","0","0","51.1","65","39","35","10","5","14","40","1.54",".311"
"1718121886-527","https://www.milb.com/stats/pitching?page=3","LHV","1","6","6.31","10","10","0","0","0","0","45.2","51","34","32","6","3","33","39","1.84",".290"
"1718121886-528","https://www.milb.com/stats/pitching?page=3","LOU","1","4","3.41","29","0","0","0","11","12","29.0","19","15","11","2","3","20","39","1.34",".184"
"1718121886-529","https://www.milb.com/stats/pitching?page=3","MEM","2","1","2.67","8","7","0","0","0","0","33.2","21","11","10","4","1","25","39","1.37",".175"
"1718121886-530","https://www.milb.com/stats/pitching?page=3","LOU","4","0","2.48","26","0","0","0","1","2","29.0","17","8","8","4","0","13","38","1.03",".175"
"1718121886-531","https://www.milb.com/stats/pitching?page=3","TOL","0","2","5.61","10","10","0","0","0","0","33.2","34","22","21","4","2","21","38","1.63",".262"
"1718121886-532","https://www.milb.com/stats/pitching?page=3","SWB","3","0","4.05","7","7","0","0","0","0","33.1","26","16","15","4","0","11","38","1.11",".210"
"1718121886-533","https://www.milb.com/stats/pitching?page=3","CLT","1","2","4.21","24","0","0","0","2","4","25.2","24","14","12","3","4","16","37","1.56",".245"
"1718121891-534","https://www.milb.com/stats/pitching?page=2","COL","3","2","5.33","10","10","0","0","0","0","49.0","50","34","29","9","0","18","51","1.39",".258"
"1718121891-535","https://www.milb.com/stats/pitching?page=2","GWN","1","4","3.56","12","6","1","1","1","2","48.0","38","19","19","6","5","14","50","1.08",".220"
"1718121891-536","https://www.milb.com/stats/pitching?page=2","LOU","1","2","4.89","13","12","0","0","0","0","53.1","50","35","29","5","3","40","50","1.69",".245"
"1718121891-537","https://www.milb.com/stats/pitching?page=2","ROC","2","3","6.36","11","11","0","0","0","0","46.2","51","34","33","5","1","26","50","1.65",".277"
"1718121891-538","https://www.milb.com/stats/pitching?page=2","TOL","4","4","3.97","20","3","0","0","2","2","34.0","27","17","15","5","2","17","50","1.29",".214"
"1718121891-539","https://www.milb.com/stats/pitching?page=2","WOR","3","4","4.42","12","12","0","0","0","0","57.0","61","32","28","5","1","18","49","1.39",".271"
"1718121891-540","https://www.milb.com/stats/pitching?page=2","WOR","3","6","4.31","12","10","1","0","0","0","56.1","62","29","27","5","4","23","49","1.51",".277"
"1718121891-541","https://www.milb.com/stats/pitching?page=2","SYR","1","3","7.29","11","11","0","0","0","0","45.2","49","37","37","7","1","37","49","1.88",".269"
"1718121891-542","https://www.milb.com/stats/pitching?page=2","LOU","3","1","2.51","9","8","0","0","0","0","46.2","34","19","13","2","4","15","49","1.05",".197"
"1718121891-543","https://www.milb.com/stats/pitching?page=2","COL","2","2","7.08","12","11","0","0","0","0","48.1","53","43","38","9","2","24","47","1.59",".279"
"1718121891-544","https://www.milb.com/stats/pitching?page=2","DUR","0","5","6.75","12","9","0","0","0","0","45.1","55","35","34","9","3","19","47","1.63",".304"
"1718121891-545","https://www.milb.com/stats/pitching?page=2","SWB","4","0","4.35","23","0","0","0","2","5","31.0","22","19","15","3","1","18","47","1.29",".193"
"1718121891-546","https://www.milb.com/stats/pitching?page=2","BUF","2","0","3.91","13","12","0","0","0","0","48.1","46","24","21","4","4","23","45","1.43",".247"
"1718121891-547","https://www.milb.com/stats/pitching?page=2","JAX","5","4","3.25","11","11","0","0","0","0","61.0","59","24","22","7","3","20","45","1.30",".254"
"1718121891-548","https://www.milb.com/stats/pitching?page=2","CLT","4","4","4.27","13","10","0","0","0","0","52.2","53","25","25","7","4","23","45","1.44",".260"
"1718121891-549","https://www.milb.com/stats/pitching?page=2","WOR","4","2","4.02","11","10","0","0","0","0","53.2","48","27","24","4","2","20","45","1.27",".241"
"1718121891-550","https://www.milb.com/stats/pitching?page=2","SYR","4","2","3.86","11","11","0","0","0","0","60.2","58","29","26","8","1","25","45","1.37",".257"
"1718121891-551","https://www.milb.com/stats/pitching?page=2","LOU","2","4","9.00","12","12","0","0","0","0","50.0","64","53","50","12","5","46","45","2.20",".318"
"1718121891-552","https://www.milb.com/stats/pitching?page=2","IND","1","6","8.74","10","10","0","0","0","0","35.0","49","36","34","8","3","8","45","1.63",".327"
"1718121891-553","https://www.milb.com/stats/pitching?page=2","IND","0","0","0.99","7","7","0","0","0","0","27.1","17","4","3","1","0","8","45","0.91",".175"
"1718121891-554","https://www.milb.com/stats/pitching?page=2","IOW","2","0","6.27","18","3","0","0","1","2","37.1","40","27","26","5","0","20","45","1.61",".268"
"1718121891-555","https://www.milb.com/stats/pitching?page=2","SWB","3","1","2.53","7","7","0","0","0","0","32.0","17","9","9","1","0","21","44","1.19",".153"
"1718121891-556","https://www.milb.com/stats/pitching?page=2","SWB","1","2","3.19","10","10","0","0","0","0","36.2","24","14","13","4","2","20","44","1.20",".189"
"1718121891-557","https://www.milb.com/stats/pitching?page=2","IOW","1","2","3.81","19","0","0","0","1","4","28.1","20","14","12","4","1","22","44","1.48",".198"
"1718121891-558","https://www.milb.com/stats/pitching?page=2","STP","2","5","5.31","8","8","0","0","0","0","40.2","45","28","24","4","0","14","44","1.45",".274"
"1718121913-559","https://www.milb.com/stats/pitching","NOR","2","3","3.57","13","12","0","0","0","0","58.0","50","27","23","7","3","37","90","1.50",".230"
"1718121913-560","https://www.milb.com/stats/pitching","NOR","5","1","3.18","11","11","0","0","0","0","56.2","42","21","20","5","1","21","75","1.11",".203"
"1718121913-561","https://www.milb.com/stats/pitching","STP","1","2","3.56","12","12","0","0","0","0","48.0","43","19","19","6","1","24","71","1.40",".242"
"1718121913-562","https://www.milb.com/stats/pitching","NAS","4","5","5.17","12","11","0","0","0","0","62.2","52","39","36","8","4","29","66","1.29",".221"
"1718121913-563","https://www.milb.com/stats/pitching","OMA","3","2","2.14","25","2","0","0","2","4","42.0","22","12","10","4","1","13","65","0.83",".149"
"1718121913-564","https://www.milb.com/stats/pitching","MEM","5","4","4.46","12","10","1","0","0","1","66.2","59","35","33","12","0","20","65","1.19",".237"
"1718121913-565","https://www.milb.com/stats/pitching","SWB","4","4","7.24","12","12","0","0","0","0","54.2","59","46","44","13","5","24","62","1.52",".273"
"1718121913-566","https://www.milb.com/stats/pitching","NAS","6","1","2.83","11","10","0","0","0","0","60.1","49","20","19","8","3","20","61","1.14",".221"
"1718121913-567","https://www.milb.com/stats/pitching","LHV","6","3","5.30","12","12","2","0","0","0","73.0","73","46","43","8","0","33","61","1.45",".263"
"1718121913-568","https://www.milb.com/stats/pitching","STP","4","5","5.02","13","11","0","0","0","0","57.1","61","38","32","7","6","27","60","1.53",".270"
"1718121913-569","https://www.milb.com/stats/pitching","COL","2","5","5.02","13","8","0","0","0","0","57.1","59","39","32","15","3","27","60","1.50",".266"
"1718121913-570","https://www.milb.com/stats/pitching","DUR","4","2","3.32","12","10","0","0","0","0","57.0","58","25","21","6","3","12","60","1.23",".259"
"1718121913-571","https://www.milb.com/stats/pitching","MEM","6","5","4.50","12","12","1","0","0","0","64.0","65","36","32","9","2","27","59","1.44",".257"
"1718121913-572","https://www.milb.com/stats/pitching","IOW","4","5","4.22","13","13","1","0","0","0","64.0","64","34","30","9","4","19","58","1.30",".262"
"1718121913-573","https://www.milb.com/stats/pitching","IOW","4","2","6.63","18","3","0","0","0","0","36.2","36","28","27","12","1","18","57","1.47",".252"
"1718121913-574","https://www.milb.com/stats/pitching","SWB","3","4","6.51","12","12","0","0","0","0","56.2","61","44","41","13","1","32","55","1.64",".270"
"1718121913-575","https://www.milb.com/stats/pitching","MEM","2","4","4.50","12","12","0","0","0","0","66.0","49","33","33","11","7","25","55","1.12",".210"
"1718121913-576","https://www.milb.com/stats/pitching","NOR","1","5","10.40","12","11","0","0","1","1","45.0","55","53","52","15","9","30","54","1.89",".293"
"1718121913-577","https://www.milb.com/stats/pitching","TOL","4","3","3.29","11","11","0","0","0","0","54.2","42","22","20","5","2","21","54","1.15",".206"
"1718121913-578","https://www.milb.com/stats/pitching","OMA","6","3","6.31","11","11","0","0","0","0","51.1","54","40","36","10","1","20","53","1.44",".267"
"1718121913-579","https://www.milb.com/stats/pitching","TOL","1","3","5.06","11","11","0","0","0","0","42.2","47","27","24","6","4","13","52","1.41",".269"
"1718121913-580","https://www.milb.com/stats/pitching","MEM","3","6","5.01","13","13","1","0","0","0","70.0","78","41","39","7","0","21","52","1.41",".278"
"1718121913-581","https://www.milb.com/stats/pitching","ROC","3","2","4.43","13","11","0","0","0","0","61.0","64","33","30","7","4","21","52","1.39",".266"
"1718121913-582","https://www.milb.com/stats/pitching","STP","6","1","3.86","10","10","0","0","0","0","53.2","49","24","23","7","0","7","51","1.04",".240"
"1718121913-583","https://www.milb.com/stats/pitching","GWN","2","6","5.01","12","10","0","0","0","0","59.1","68","38","33","7","1","20","51","1.48",".287"
