web-scraper-order,web-scraper-start-url,Name,Position,Team,W-val,L-val,ERA,G-val,GS-val,CG-val,SHO,SV-val,SVO,IP-val,H-val,R-val,ER-val,HR-val,HB-val,BB-val,SO-val,WHIP,AVG
1718121064-1,https://www.milb.com/stats/pitching?page=24,AnthonyA SimonelliSimonelli,P,OMA,0,0,0,2,0,0,0,0,0,2,2,0,0,0,0,1,0,1.5,0.286
1718121064-2,https://www.milb.com/stats/pitching?page=24,CalC StevensonStevenson,CF,LHV,0,0,27,1,0,0,0,0,0,0.2,2,2,2,1,0,0,0,3,0.5
1718121064-3,https://www.milb.com/stats/pitching?page=24,YolmerY SánchezSánchez,3B,SYR,0,0,0,1,0,0,0,0,0,0.1,3,0,0,0,0,0,0,9,0.75
1718121064-4,https://www.milb.com/stats/pitching?page=24,FreddyF TarnokTarnok,P,LHV,0,0,0,1,0,0,0,0,0,1,0,0,0,0,0,1,0,1,0
1718121064-5,https://www.milb.com/stats/pitching?page=24,LuisL TorrensTorrens,C,SWB,0,0,0,1,0,0,0,0,0,1,0,0,0,0,0,3,0,3,0
1718121064-6,https://www.milb.com/stats/pitching?page=24,RileyR UnroeUnroe,2B,TOL,0,0,29.45,2,0,0,0,0,0,3.2,12,12,12,3,1,2,0,3.82,0.545
1718121064-7,https://www.milb.com/stats/pitching?page=24,AnthonyA VizcayaVizcaya,P,GWN,0,0,9,1,0,0,0,0,1,1,2,1,1,0,0,2,0,4,0.4
1718121064-8,https://www.milb.com/stats/pitching?page=24,AustinA WynnsWynns,C,LOU,0,0,18,1,0,0,0,0,0,1,1,2,2,0,0,3,0,4,0.5
1718121068-9,https://www.milb.com/stats/pitching?page=23,BrendanB WhiteWhite,P,TOL,0,0,21.6,3,0,0,0,0,0,1.2,1,4,4,0,1,6,1,4.2,0.2
1718121068-10,https://www.milb.com/stats/pitching?page=23,PatrickP WicklanderWicklander,P,DUR,0,0,16.2,2,0,0,0,0,0,3.1,6,6,6,1,0,6,1,3.6,0.4
1718121068-11,https://www.milb.com/stats/pitching?page=23,JuanJ ZapataZapata,P,COL,1,0,0,1,0,0,0,0,0,3,1,0,0,0,0,3,1,1.33,0.1
1718121068-12,https://www.milb.com/stats/pitching?page=23,EddyE AlvarezAlvarez,2B,WOR,0,0,0,1,0,0,0,0,0,0.1,0,0,0,0,0,0,0,0,0
1718121068-13,https://www.milb.com/stats/pitching?page=23,AndrewA AlvarezAlvarez,P,ROC,0,1,20.25,1,1,0,0,0,0,2.2,5,6,6,1,2,5,0,3.75,0.417
1718121068-14,https://www.milb.com/stats/pitching?page=23,JackJ AndersonAnderson,P,TOL,1,0,0,1,0,0,0,0,0,2.1,1,0,0,0,0,1,0,0.86,0.143
1718121068-15,https://www.milb.com/stats/pitching?page=23,WyntonW BernardBernard,OF,CLT,0,0,0,1,0,0,0,0,0,0.2,1,0,0,0,0,1,0,3,0.333
1718121068-16,https://www.milb.com/stats/pitching?page=23,RyanR CasteelCasteel,C,GWN,0,0,45,1,0,0,0,0,0,1,5,5,5,0,0,2,0,7,0.625
1718121068-17,https://www.milb.com/stats/pitching?page=23,LorenzoL CedrolaCedrola,CF,COL,0,1,27,1,0,0,0,0,1,0.1,0,1,1,0,1,3,0,9,0
1718121068-18,https://www.milb.com/stats/pitching?page=23,JeffreyJ ColonColon,P,SYR,0,0,27,1,0,0,0,0,0,1,2,3,3,0,1,3,0,5,0.5
1718121068-19,https://www.milb.com/stats/pitching?page=23,BrendenB DixonDixon,3B,IND,0,0,81,1,0,0,0,0,0,0.1,1,3,3,1,0,2,0,9,0.5
1718121068-20,https://www.milb.com/stats/pitching?page=23,NickN KahleKahle,C,NAS,0,0,0,2,0,0,0,0,0,2,0,0,0,0,0,0,0,0,0
1718121068-21,https://www.milb.com/stats/pitching?page=23,CalebC KnightKnight,C,IOW,0,0,0,1,0,0,0,0,0,0.2,0,0,0,0,0,0,0,0,0
1718121068-22,https://www.milb.com/stats/pitching?page=23,SandyS LeónLeón,C,GWN,0,0,0,1,0,0,0,0,0,1,0,0,0,0,0,0,0,0,0
1718121068-23,https://www.milb.com/stats/pitching?page=23,BlighB MadrisMadris,RF,TOL,0,0,0,1,0,0,0,0,0,0.1,0,0,0,0,0,0,0,0,0
1718121068-24,https://www.milb.com/stats/pitching?page=23,TannerT MyattMyatt,P,SWB,0,0,13.5,1,0,0,0,0,0,2,4,3,3,0,0,1,0,2.5,0.571
1718121068-25,https://www.milb.com/stats/pitching?page=23,MattM O'NeillO'Neill,C,SYR,0,0,0,1,0,0,0,0,0,0.1,0,0,0,0,0,0,0,0,0
1718121068-26,https://www.milb.com/stats/pitching?page=23,HernánH PérezPérez,SS,LOU,0,0,18,1,0,0,0,0,0,1,3,2,2,0,0,1,0,4,0.5
1718121068-27,https://www.milb.com/stats/pitching?page=23,EstebanE QuirozQuiroz,2B,LHV,0,0,243,1,0,0,0,0,0,0.1,8,9,9,2,0,1,0,27,0.889
1718121068-28,https://www.milb.com/stats/pitching?page=23,SeanS Reid-FoleyReid-Foley,P,SYR,0,0,0,2,0,0,0,0,1,2,2,1,0,0,0,0,0,1,0.286
1718121068-29,https://www.milb.com/stats/pitching?page=23,CodyC RobertsRoberts,C,LHV,0,0,0,1,0,0,0,0,0,1,0,0,0,0,0,0,0,0,0
1718121068-30,https://www.milb.com/stats/pitching?page=23,JoseJ RojasRojas,3B,SWB,0,0,13.5,2,0,0,0,0,0,2,4,3,3,1,0,2,0,3,0.4
1718121068-31,https://www.milb.com/stats/pitching?page=23,NoelberthN RomeroRomero,SS,NOR,0,0,18,1,0,0,0,0,0,1,2,2,2,1,0,0,0,2,0.4
1718121068-32,https://www.milb.com/stats/pitching?page=23,AndreA ScrubbScrubb,P,SYR,0,0,9,1,0,0,0,0,0,2,2,2,2,0,0,3,0,2.5,0.4
1718121068-33,https://www.milb.com/stats/pitching?page=23,DylanD ShockleyShockley,C,IND,0,0,21.6,3,0,0,0,0,0,3.1,8,8,8,1,0,2,0,3,0.471
1718121072-34,https://www.milb.com/stats/pitching?page=22,StevenS WilsonWilson,P,CLT,0,0,10.8,2,0,0,0,0,0,1.2,4,2,2,1,0,2,2,3.6,0.444
1718121072-35,https://www.milb.com/stats/pitching?page=22,J.B.J BukauskasBukauskas,P,NAS,0,0,0,1,0,0,0,0,0,1,0,0,0,0,0,0,1,0,0
1718121072-36,https://www.milb.com/stats/pitching?page=22,BradB CaseCase,P,IND,1,1,9.64,2,0,0,0,0,0,4.2,6,6,5,2,2,3,1,1.93,0.316
1718121072-37,https://www.milb.com/stats/pitching?page=22,PhillipP EvansEvans,3B,GWN,0,0,18,1,0,0,0,0,0,1,3,2,2,1,0,0,1,3,0.5
1718121072-38,https://www.milb.com/stats/pitching?page=22,KohlK FranklinFranklin,P,IOW,0,0,0,1,1,0,0,0,0,2,2,0,0,0,0,0,1,1,0.25
1718121072-39,https://www.milb.com/stats/pitching?page=22,PedroP GarciaGarcia,P,LOU,0,0,27,1,0,0,0,0,0,1,2,3,3,1,0,3,1,5,0.5
1718121072-40,https://www.milb.com/stats/pitching?page=22,ChadC GreenGreen,P,BUF,0,0,0,3,0,0,0,0,0,3,2,0,0,0,0,1,1,1,0.182
1718121072-41,https://www.milb.com/stats/pitching?page=22,DLD HallHall,P,NAS,0,0,0,1,1,0,0,0,0,1,0,0,0,0,0,1,1,1,0
1718121072-42,https://www.milb.com/stats/pitching?page=22,LincolnL HenzmanHenzman,P,JAX,0,0,0,1,0,0,0,0,0,1,1,1,0,0,0,2,1,3,0.2
1718121072-43,https://www.milb.com/stats/pitching?page=22,RyanR HigginsHiggins,3B,NOR,0,0,20.25,1,0,0,0,0,0,1.1,3,3,3,1,1,1,1,3,0.429
1718121072-44,https://www.milb.com/stats/pitching?page=22,C.J.C HinojosaHinojosa,2B,DUR,0,0,81,1,0,0,0,0,0,0.1,1,3,3,0,2,1,1,6,0.5
1718121072-45,https://www.milb.com/stats/pitching?page=22,ChrisC KachmarKachmar,P,IOW,0,0,13.5,2,1,0,0,0,0,2.2,4,4,4,0,0,6,1,3.75,0.333
1718121072-46,https://www.milb.com/stats/pitching?page=22,JoelJ KuhnelKuhnel,P,BUF,1,0,1.04,6,0,0,0,0,0,8.2,9,1,1,0,0,4,1,1.5,0.281
1718121072-47,https://www.milb.com/stats/pitching?page=22,IanI MejiaMejia,P,GWN,0,1,33.75,1,1,0,0,0,0,1.1,5,5,5,2,0,3,1,6,0.556
1718121072-48,https://www.milb.com/stats/pitching?page=22,DannyD MendickMendick,3B,CLT,0,1,18,2,0,0,0,0,0,3,8,7,6,2,0,1,1,3,0.471
1718121072-49,https://www.milb.com/stats/pitching?page=22,McKinleyM MooreMoore,P,SWB,0,0,27,2,0,0,0,0,0,0.2,0,2,2,0,1,6,1,9,0
1718121072-50,https://www.milb.com/stats/pitching?page=22,ShaneS MurphyMurphy,P,CLT,0,1,18,1,1,0,0,0,0,4,5,8,8,2,0,4,1,2.25,0.294
1718121072-51,https://www.milb.com/stats/pitching?page=22,ColinC PochePoche,P,DUR,0,0,6.75,3,0,0,0,0,0,2.2,3,2,2,0,0,1,1,1.5,0.273
1718121072-52,https://www.milb.com/stats/pitching?page=22,CionelC PérezPérez,P,NOR,0,1,3.86,2,0,0,0,0,0,2.1,3,1,1,0,0,1,1,1.71,0.333
1718121072-53,https://www.milb.com/stats/pitching?page=22,JordanJ RomanoRomano,P,BUF,0,0,0,2,0,0,0,0,0,1,1,0,0,0,0,4,1,5,0.25
1718121072-54,https://www.milb.com/stats/pitching?page=22,CodyC SedlockSedlock,P,CLT,0,0,20.25,3,0,0,0,0,0,2.2,2,6,6,1,0,7,1,3.38,0.25
1718121072-55,https://www.milb.com/stats/pitching?page=22,BenB ShieldsShields,P,SWB,0,1,37.8,1,1,0,0,0,0,1.2,8,9,7,1,2,2,1,6,0.615
1718121072-56,https://www.milb.com/stats/pitching?page=22,DrewD SmithSmith,P,SYR,1,0,9,4,0,0,0,0,1,4,5,4,4,1,0,1,1,1.5,0.313
1718121072-57,https://www.milb.com/stats/pitching?page=22,MatthewM ThompsonThompson,P,IOW,0,0,27,1,0,0,0,0,0,0.2,0,2,2,0,0,3,1,4.5,0
1718121072-58,https://www.milb.com/stats/pitching?page=22,JoshJ VanMeterVanMeter,2B,SWB,0,1,22.5,2,0,0,0,0,0,2,5,7,5,1,0,1,1,3,0.455
1718121076-59,https://www.milb.com/stats/pitching?page=21,MitchM WhiteWhite,P,NAS,0,0,4.5,1,0,0,0,0,0,2,2,1,1,0,0,1,3,1.5,0.25
1718121076-60,https://www.milb.com/stats/pitching?page=21,MichaelM AriasArias,P,IOW,1,0,3.86,3,0,0,0,1,1,2.1,3,1,1,0,0,3,2,2.57,0.333
1718121076-61,https://www.milb.com/stats/pitching?page=21,JoeJ BarlowBarlow,P,CLT,0,0,13.5,2,0,0,0,0,0,2,4,3,3,0,0,2,2,3,0.444
1718121076-62,https://www.milb.com/stats/pitching?page=21,BrennanB BernardinoBernardino,P,WOR,0,0,16.2,2,0,0,0,0,0,1.2,3,3,3,1,1,1,2,2.4,0.375
1718121076-63,https://www.milb.com/stats/pitching?page=21,JohnJ BrebbiaBrebbia,P,CLT,0,0,0,1,1,0,0,0,0,1,1,0,0,0,0,0,2,1,0.25
1718121076-64,https://www.milb.com/stats/pitching?page=21,AustinA BriceBrice,P,LHV,0,1,7.71,2,0,0,0,0,0,2.1,3,3,2,0,0,3,2,2.57,0.375
1718121076-65,https://www.milb.com/stats/pitching?page=21,JosimarJ CousinCousin,P,CLT,0,0,0,2,0,0,0,0,0,2,0,0,0,0,0,0,2,0,0
1718121076-66,https://www.milb.com/stats/pitching?page=21,JonnyJ CuevasCuevas,P,DUR,1,0,3,1,0,0,0,0,0,3,2,1,1,0,0,2,2,1.33,0.182
1718121076-67,https://www.milb.com/stats/pitching?page=21,PeteP FairbanksFairbanks,P,DUR,0,0,0,2,0,0,0,0,0,2,2,0,0,0,0,0,2,1,0.286
1718121076-68,https://www.milb.com/stats/pitching?page=21,CarlosC GuzmanGuzman,P,SYR,0,0,0,1,0,0,0,0,0,2.2,0,0,0,0,0,1,2,0.38,0
1718121076-69,https://www.milb.com/stats/pitching?page=21,BryanB HoeingHoeing,P,JAX,0,0,4.5,1,0,0,0,0,0,2,1,1,1,0,0,2,2,1.5,0.143
1718121076-70,https://www.milb.com/stats/pitching?page=21,JayJ JacksonJackson,P,STP,0,0,3,3,0,0,0,0,0,3,2,1,1,0,0,0,2,0.67,0.2
1718121076-71,https://www.milb.com/stats/pitching?page=21,StevenS MatzMatz,P,MEM,0,0,0,1,1,0,0,0,0,2,0,0,0,0,0,1,2,0.5,0
1718121076-72,https://www.milb.com/stats/pitching?page=21,MaxM McDowellMcDowell,C,BUF,0,0,30.86,2,0,0,0,0,0,2.1,9,8,8,1,0,2,2,4.71,0.563
1718121076-73,https://www.milb.com/stats/pitching?page=21,JakeJ OdorizziOdorizzi,P,DUR,0,2,11.81,2,2,0,0,0,0,5.1,8,7,7,1,2,5,2,2.44,0.364
1718121076-74,https://www.milb.com/stats/pitching?page=21,JoseJ RamirezRamirez,P,CLT,0,1,15.43,1,1,0,0,0,0,2.1,3,4,4,1,2,3,2,2.57,0.375
1718121076-75,https://www.milb.com/stats/pitching?page=21,NickN RamirezRamirez,P,SWB,0,0,4.5,1,0,0,0,0,0,2,3,1,1,0,0,0,2,1.5,0.375
1718121076-76,https://www.milb.com/stats/pitching?page=21,EuryE RamosRamos,P,LHV,0,0,3.38,2,0,0,0,0,0,2.2,3,3,1,1,0,5,2,3,0.3
1718121076-77,https://www.milb.com/stats/pitching?page=21,DennisD SantanaSantana,P,SWB,0,0,6.75,2,0,0,0,0,1,1.1,3,1,1,0,0,3,2,4.5,0.429
1718121076-78,https://www.milb.com/stats/pitching?page=21,CodyC ScrogginsScroggins,P,WOR,0,0,37.8,2,0,0,0,0,0,1.2,6,7,7,1,1,3,2,5.4,0.545
1718121076-79,https://www.milb.com/stats/pitching?page=21,TrentT SellersSellers,P,SWB,1,0,10.8,1,0,0,0,0,0,1.2,1,2,2,0,0,3,2,2.4,0.167
1718121076-80,https://www.milb.com/stats/pitching?page=21,AlexA SpeasSpeas,P,CLT,0,0,15.43,2,0,0,0,0,0,2.1,2,4,4,1,0,2,2,1.71,0.222
1718121076-81,https://www.milb.com/stats/pitching?page=21,BaronB StuartStuart,P,SWB,1,0,1.29,1,1,1,0,0,0,7,3,2,1,0,0,4,2,1,0.143
1718121076-82,https://www.milb.com/stats/pitching?page=21,TaijuanT WalkerWalker,P,LHV,1,0,4.09,2,2,0,0,0,0,11,10,5,5,0,1,6,2,1.45,0.244
1718121076-83,https://www.milb.com/stats/pitching?page=21,RyanR WatsonWatson,P,NOR,0,0,0,1,0,0,0,1,1,1,1,0,0,0,0,0,2,1,0.25
1718121080-84,https://www.milb.com/stats/pitching?page=20,JamesonJ TaillonTaillon,P,IOW,0,0,0,1,1,0,0,0,0,3.2,3,0,0,0,0,1,4,1.09,0.2
1718121080-85,https://www.milb.com/stats/pitching?page=20,HunterH BiggeBigge,P,IOW,0,0,0,2,0,0,0,0,0,2.2,0,0,0,0,0,1,3,0.38,0
1718121080-86,https://www.milb.com/stats/pitching?page=20,NickN BurdiBurdi,P,SWB,0,0,0,1,0,0,0,0,0,1,0,0,0,0,0,0,3,0,0
1718121080-87,https://www.milb.com/stats/pitching?page=20,JoeyJ CantilloCantillo,P,COL,0,0,7.71,1,1,0,0,0,0,2.1,2,2,2,0,1,2,3,1.71,0.25
1718121080-88,https://www.milb.com/stats/pitching?page=20,BrendanB CellucciCellucci,P,WOR,0,0,2.25,2,0,0,0,0,0,4,3,1,1,0,0,4,3,1.75,0.25
1718121080-89,https://www.milb.com/stats/pitching?page=20,AdisynA CoffeyCoffey,P,CLT,0,0,4.91,4,0,0,0,0,1,3.2,3,2,2,0,0,5,3,2.18,0.231
1718121080-90,https://www.milb.com/stats/pitching?page=20,JakeJ CousinsCousins,P,SWB,1,0,3.38,3,0,0,0,2,2,2.2,2,1,1,0,1,1,3,1.13,0.222
1718121080-91,https://www.milb.com/stats/pitching?page=20,DrakeD FellowsFellows,P,IND,0,1,9,2,2,0,0,0,0,7,8,8,7,0,0,9,3,2.43,0.276
1718121080-92,https://www.milb.com/stats/pitching?page=20,GiovannyG GallegosGallegos,P,MEM,0,1,11.25,4,1,0,0,0,1,4,5,5,5,3,0,2,3,1.75,0.313
1718121080-93,https://www.milb.com/stats/pitching?page=20,MattM GivinGivin,P,SWB,0,0,0,1,0,0,0,0,0,3,2,0,0,0,0,2,3,1.33,0.167
1718121080-94,https://www.milb.com/stats/pitching?page=20,OrionO KerkeringKerkering,P,LHV,0,0,0,2,0,0,0,0,0,2,2,0,0,0,1,0,3,1,0.25
1718121080-95,https://www.milb.com/stats/pitching?page=20,ZacZ LeighLeigh,P,IOW,0,0,9,4,0,0,0,0,2,3,7,3,3,0,0,4,3,3.67,0.467
1718121080-96,https://www.milb.com/stats/pitching?page=20,DanielD MartinezMartinez,P,GWN,0,1,18.9,1,0,0,0,0,0,3.1,3,8,7,2,1,4,3,2.1,0.231
1718121080-97,https://www.milb.com/stats/pitching?page=20,TrevorT MegillMegill,P,NAS,0,0,0,2,0,0,0,0,0,2,1,0,0,0,0,2,3,1.5,0.143
1718121080-98,https://www.milb.com/stats/pitching?page=20,WadeW MileyMiley,P,NAS,0,0,3,1,1,0,0,0,0,3,2,1,1,0,0,2,3,1.33,0.182
1718121080-99,https://www.milb.com/stats/pitching?page=20,ShelbyS MillerMiller,P,TOL,0,0,0,2,1,0,0,0,0,2.1,2,0,0,0,0,1,3,1.29,0.222
1718121080-100,https://www.milb.com/stats/pitching?page=20,TroyT MillerMiller,P,SYR,0,0,27,1,1,0,0,0,0,2.1,7,7,7,3,0,4,3,4.71,0.5
1718121080-101,https://www.milb.com/stats/pitching?page=20,A.J.A PukPuk,P,JAX,0,0,0,1,0,0,0,0,0,1,0,0,0,0,0,0,3,0,0
1718121080-102,https://www.milb.com/stats/pitching?page=20,AngelA ReyesReyes,P,TOL,0,0,2.45,3,0,0,0,0,0,7.1,5,3,2,0,2,7,3,1.64,0.208
1718121080-103,https://www.milb.com/stats/pitching?page=20,JimmyJ RobbinsRobbins,P,BUF,0,0,7.71,2,0,0,0,0,0,2.1,2,2,2,1,0,2,3,1.71,0.25
1718121080-104,https://www.milb.com/stats/pitching?page=20,AaronA RozekRozek,P,STP,0,0,9,1,1,0,0,0,0,3,7,3,3,1,2,1,3,2.67,0.5
1718121080-105,https://www.milb.com/stats/pitching?page=20,MattM SauerSauer,P,SWB,0,0,13.5,3,0,0,0,0,0,2,2,3,3,0,0,5,3,3.5,0.25
1718121080-106,https://www.milb.com/stats/pitching?page=20,ManuelM VelozVeloz,P,CLT,0,0,13.5,1,0,0,0,0,0,2,6,3,3,0,0,3,3,4.5,0.545
1718121080-107,https://www.milb.com/stats/pitching?page=20,JacobJ WallaceWallace,P,OMA,2,0,6.75,3,0,0,0,0,0,2.2,2,2,2,0,0,0,3,0.75,0.182
1718121080-108,https://www.milb.com/stats/pitching?page=20,AndrewA WaltersWalters,P,COL,0,0,9,4,0,0,0,0,0,4,6,4,4,2,0,4,3,2.5,0.333
1718121085-109,https://www.milb.com/stats/pitching?page=19,AdamA LeverettLeverett,P,DUR,0,1,5.25,3,3,0,0,0,0,12,7,7,7,2,2,4,5,0.92,0.171
1718121085-110,https://www.milb.com/stats/pitching?page=19,AngelA MacuareMacuare,P,JAX,1,0,2.84,3,0,0,0,0,0,6.1,4,2,2,1,0,2,5,0.95,0.182
1718121085-111,https://www.milb.com/stats/pitching?page=19,MitchellM ParkerParker,P,ROC,0,0,0,1,1,0,0,0,0,4,1,1,0,0,0,1,5,0.5,0.077
1718121085-112,https://www.milb.com/stats/pitching?page=19,SammyS PeraltaPeralta,P,CLT,0,0,0,3,0,0,0,0,0,3.2,0,0,0,0,2,1,5,0.27,0
1718121085-113,https://www.milb.com/stats/pitching?page=19,NickN PivettaPivetta,P,WOR,0,1,12,1,1,0,0,0,0,3,3,4,4,0,0,4,5,2.33,0.25
1718121085-114,https://www.milb.com/stats/pitching?page=19,WalkerW PowellPowell,P,IOW,0,0,5.4,2,2,0,0,0,0,5,8,6,3,0,1,5,5,2.6,0.381
1718121085-115,https://www.milb.com/stats/pitching?page=19,NickN RobertsonRobertson,P,MEM,0,0,2.84,6,0,0,0,0,0,6.1,4,3,2,0,1,4,5,1.26,0.182
1718121085-116,https://www.milb.com/stats/pitching?page=19,WilkingW RodríguezRodríguez,P,MEM,0,0,18,3,0,0,0,0,0,2,2,4,4,0,0,7,5,4.5,0.25
1718121085-117,https://www.milb.com/stats/pitching?page=19,FitzF StadlerStadler,P,BUF,0,0,15,3,0,0,0,0,0,3,1,5,5,0,1,9,5,3.33,0.1
1718121085-118,https://www.milb.com/stats/pitching?page=19,DillonD TateTate,P,NOR,0,0,3.86,7,0,0,0,0,1,7,5,3,3,1,1,0,5,0.71,0.2
1718121085-119,https://www.milb.com/stats/pitching?page=19,CarlosC TaveraTavera,P,NOR,0,0,6.23,1,1,0,0,0,0,4.1,7,3,3,1,0,2,5,2.08,0.368
1718121085-120,https://www.milb.com/stats/pitching?page=19,JuanJ ThenThen,P,CLT,0,0,15.88,7,0,0,0,0,0,5.2,8,10,10,4,1,7,5,2.65,0.333
1718121085-121,https://www.milb.com/stats/pitching?page=19,CalebC ThielbarThielbar,P,STP,1,0,3,2,0,0,0,0,0,3,2,1,1,1,0,1,5,1,0.2
1718121085-122,https://www.milb.com/stats/pitching?page=19,GarrettG WhitlockWhitlock,P,WOR,0,0,0,1,1,0,0,0,0,4.2,2,0,0,0,0,1,5,0.64,0.125
1718121085-123,https://www.milb.com/stats/pitching?page=19,JonathanJ BermúdezBermudez,P,JAX,1,0,6.75,1,0,0,0,0,0,4,6,3,3,1,0,3,4,2.25,0.353
1718121085-124,https://www.milb.com/stats/pitching?page=19,MichaelM BoyleBoyle,P,STP,0,0,7.71,10,0,0,0,1,1,9.1,15,11,8,2,0,7,4,2.36,0.357
1718121085-125,https://www.milb.com/stats/pitching?page=19,DeclanD CroninCronin,P,JAX,0,0,4.15,3,0,0,0,0,0,4.1,5,2,2,1,0,4,4,2.08,0.294
1718121085-126,https://www.milb.com/stats/pitching?page=19,CalvinC FaucherFaucher,P,JAX,0,0,4.26,4,0,0,0,0,1,6.1,7,3,3,1,0,1,4,1.26,0.28
1718121085-127,https://www.milb.com/stats/pitching?page=19,ReedR GarrettGarrett,P,SYR,0,0,0,1,0,0,0,0,0,2,1,0,0,0,0,0,4,0.5,0.143
1718121085-128,https://www.milb.com/stats/pitching?page=19,JakobJ JunisJunis,P,NAS,0,0,2.08,2,2,0,0,0,0,4.1,1,1,1,0,0,2,4,0.69,0.071
1718121085-129,https://www.milb.com/stats/pitching?page=19,BlaineB KnightKnight,P,LHV,0,0,6,1,0,0,0,0,0,3,2,2,2,2,0,1,4,1,0.182
1718121085-130,https://www.milb.com/stats/pitching?page=19,BenB LivelyLively,P,COL,1,0,3.24,2,2,0,0,0,0,8.1,5,3,3,1,0,0,4,0.6,0.172
1718121085-131,https://www.milb.com/stats/pitching?page=19,KyleK McGowinMcGowin,P,IOW,0,0,6,1,1,0,0,0,0,6,5,4,4,2,0,3,4,1.33,0.238
1718121085-132,https://www.milb.com/stats/pitching?page=19,OrlandoO RibaltaRibalta,P,ROC,1,0,3.86,5,0,0,0,0,1,4.2,6,2,2,1,0,5,4,2.36,0.3
1718121085-133,https://www.milb.com/stats/pitching?page=19,JustinJ SteeleSteele,P,IOW,0,0,8.1,1,1,0,0,0,0,3.1,6,3,3,0,0,1,4,2.1,0.375
1718121088-134,https://www.milb.com/stats/pitching?page=18,MichaelM BienlienBienlien,P,TOL,0,1,12.46,2,0,0,0,0,0,4.1,7,6,6,2,1,4,6,2.54,0.389
1718121088-135,https://www.milb.com/stats/pitching?page=18,JakeJ BrentzBrentz,P,OMA,0,1,13.5,8,0,0,0,0,0,6,5,9,9,1,2,17,6,3.67,0.227
1718121088-136,https://www.milb.com/stats/pitching?page=18,AlexA CornwellCornwell,P,MEM,1,0,3.86,4,0,0,0,0,0,7,8,3,3,1,0,2,6,1.43,0.276
1718121088-137,https://www.milb.com/stats/pitching?page=18,KodyK FunderburkFunderburk,P,STP,0,0,0,4,0,0,0,0,0,4,0,0,0,0,0,2,6,0.5,0
1718121088-138,https://www.milb.com/stats/pitching?page=18,IanI GibautGibaut,P,LOU,0,1,11.25,5,0,0,0,0,2,4,6,5,5,1,2,5,6,2.75,0.353
1718121088-139,https://www.milb.com/stats/pitching?page=18,KyleK HendricksHendricks,P,IOW,0,0,2.08,1,1,0,0,0,0,4.1,5,1,1,0,0,3,6,1.85,0.294
1718121088-140,https://www.milb.com/stats/pitching?page=18,SamS HentgesHentges,P,COL,1,0,0,5,2,0,0,0,0,5.2,1,0,0,0,0,3,6,0.71,0.059
1718121088-141,https://www.milb.com/stats/pitching?page=18,KentaK MaedaMaeda,P,TOL,0,0,3,1,1,0,0,0,0,3,3,1,1,0,0,0,6,1,0.231
1718121088-142,https://www.milb.com/stats/pitching?page=18,AlecA MarshMarsh,P,OMA,0,0,0,1,1,0,0,0,0,4,1,0,0,0,0,1,6,0.5,0.077
1718121088-143,https://www.milb.com/stats/pitching?page=18,EduarnielE NunezNunez,P,IOW,0,0,7.71,7,0,0,0,0,0,9.1,8,8,8,0,2,14,6,2.36,0.25
1718121088-144,https://www.milb.com/stats/pitching?page=18,SpencerS StocktonStockton,P,LOU,0,0,6.14,5,0,0,0,0,0,7.1,10,8,5,1,1,4,6,1.91,0.313
1718121088-145,https://www.milb.com/stats/pitching?page=18,BladeB TidwellTidwell,P,SYR,0,1,4.38,3,2,0,0,0,0,12.1,9,6,6,2,0,10,6,1.54,0.2
1718121088-146,https://www.milb.com/stats/pitching?page=18,JustinJ TopaTopa,P,STP,0,0,4.5,4,0,0,0,0,1,4,4,3,2,0,1,1,6,1.25,0.267
1718121088-147,https://www.milb.com/stats/pitching?page=18,JeffJ BrighamBrigham,P,STP,0,0,4.91,6,0,0,0,0,1,7.1,4,4,4,0,1,5,5,1.23,0.182
1718121088-148,https://www.milb.com/stats/pitching?page=18,YorlinY CalderonCalderon,P,SWB,1,0,1.17,3,0,0,0,0,1,7.2,4,2,1,1,1,3,5,0.91,0.148
1718121088-149,https://www.milb.com/stats/pitching?page=18,FineasF Del Bonta-SmithDel Bonta-Smith,P,IND,0,0,0,4,0,0,0,0,0,3.2,4,0,0,0,0,2,5,1.64,0.286
1718121088-150,https://www.milb.com/stats/pitching?page=18,ShaneS DrohanDrohan,P,CLT,2,0,9,5,0,0,0,0,0,4,4,4,4,0,0,4,5,2,0.25
1718121088-151,https://www.milb.com/stats/pitching?page=18,JhoanJ DuranDuran,P,STP,0,0,9,2,0,0,0,0,0,2,4,2,2,0,0,0,5,2,0.4
1718121088-152,https://www.milb.com/stats/pitching?page=18,JoshJ FlemingFleming,P,IND,0,0,5.68,7,0,0,0,0,1,12.2,12,8,8,1,2,2,5,1.11,0.24
1718121088-153,https://www.milb.com/stats/pitching?page=18,DavidD GriffinGriffin,P,SYR,1,2,17.36,3,0,0,0,0,1,4.2,12,10,9,0,0,4,5,3.43,0.48
1718121088-154,https://www.milb.com/stats/pitching?page=18,PatrickP HalliganHalligan,P,GWN,0,0,6.75,4,1,0,0,0,0,5.1,5,4,4,0,0,8,5,2.44,0.25
1718121088-155,https://www.milb.com/stats/pitching?page=18,ColinC HoldermanHolderman,P,IND,0,0,7.36,4,0,0,0,0,0,3.2,3,3,3,0,0,1,5,1.09,0.231
1718121088-156,https://www.milb.com/stats/pitching?page=18,JoshJ JamesJames,P,MEM,1,0,19.96,9,0,0,0,0,0,7.2,13,18,17,2,1,15,5,3.65,0.371
1718121088-157,https://www.milb.com/stats/pitching?page=18,JohnJ KingKing,P,MEM,1,0,3.38,6,0,0,0,2,2,5.1,6,2,2,1,0,0,5,1.13,0.273
1718121088-158,https://www.milb.com/stats/pitching?page=18,RobertR KwiatkowskiKwiatkowski,P,WOR,2,0,0,3,0,0,0,0,0,6.1,4,0,0,0,0,1,5,0.79,0.19
1718121092-159,https://www.milb.com/stats/pitching?page=17,ZakZ KentKent,P,COL,1,0,0,3,1,0,0,0,0,5,3,0,0,0,0,1,8,0.8,0.176
1718121092-160,https://www.milb.com/stats/pitching?page=17,AndrewA MagnoMagno,P,TOL,1,3,7.84,9,0,0,0,0,1,10.1,15,10,9,1,1,7,8,2.13,0.366
1718121092-161,https://www.milb.com/stats/pitching?page=17,KadeK McClureMcClure,P,IND,0,2,15,7,0,0,0,0,1,9,13,15,15,4,2,8,8,2.33,0.333
1718121092-162,https://www.milb.com/stats/pitching?page=17,NickN MikolajchakMikolajchak,P,COL,0,0,1.86,10,0,0,0,0,0,9.2,8,2,2,1,0,6,8,1.45,0.235
1718121092-163,https://www.milb.com/stats/pitching?page=17,ZachZ PenrodPenrod,P,WOR,0,0,3.38,2,2,0,0,0,0,8,9,3,3,0,0,7,8,2,0.281
1718121092-164,https://www.milb.com/stats/pitching?page=17,AdamA PlutkoPlutko,P,STP,0,1,5.59,3,3,0,0,0,0,9.2,8,6,6,3,0,4,8,1.24,0.229
1718121092-165,https://www.milb.com/stats/pitching?page=17,SalS RomanoRomano,P,WOR,0,0,6.19,9,0,0,0,1,1,16,14,11,11,4,1,5,8,1.19,0.237
1718121092-166,https://www.milb.com/stats/pitching?page=17,JakeJ WalshWalsh,P,GWN,2,1,2.31,11,0,0,0,0,0,11.2,10,5,3,0,0,8,8,1.54,0.222
1718121092-167,https://www.milb.com/stats/pitching?page=17,AdamA WolfWolf,P,TOL,1,0,3.24,5,1,0,0,0,0,8.1,6,3,3,0,2,8,8,1.68,0.207
1718121092-168,https://www.milb.com/stats/pitching?page=17,MattM BowmanBowman,P,STP,0,0,0,5,0,0,0,0,0,6,3,1,0,0,0,2,7,0.83,0.15
1718121092-169,https://www.milb.com/stats/pitching?page=17,MikeM ClevingerClevinger,P,CLT,0,0,3.68,2,2,0,0,0,0,7.1,10,3,3,1,0,3,7,1.77,0.333
1718121092-170,https://www.milb.com/stats/pitching?page=17,Woo-SukW GoGo,P,JAX,1,0,3.18,9,0,0,0,0,0,11.1,11,4,4,0,2,3,7,1.24,0.262
1718121092-171,https://www.milb.com/stats/pitching?page=17,AndreA GranilloGranillo,P,MEM,1,0,1.17,6,0,0,0,0,0,7.2,3,1,1,1,0,3,7,0.78,0.115
1718121092-172,https://www.milb.com/stats/pitching?page=17,JimmyJ HergetHerget,P,GWN,0,0,3.86,6,0,0,0,1,1,7,8,3,3,1,0,2,7,1.43,0.286
1718121092-173,https://www.milb.com/stats/pitching?page=17,JoeJ JacquesJacques,P,WOR,0,1,15.75,4,0,0,0,0,0,4,8,7,7,0,0,6,7,3.5,0.421
1718121092-174,https://www.milb.com/stats/pitching?page=17,JustinJ JarvisJarvis,P,SYR,0,1,6,3,3,0,0,0,0,12,17,8,8,3,1,4,7,1.75,0.333
1718121092-175,https://www.milb.com/stats/pitching?page=17,LukeL LittleLittle,P,IOW,0,0,4.05,4,0,0,0,1,1,6.2,3,3,3,0,2,7,7,1.5,0.15
1718121092-176,https://www.milb.com/stats/pitching?page=17,YuniorY MarteMarte,P,LHV,0,0,7.36,6,0,0,0,0,1,7.1,12,7,6,1,1,6,7,2.45,0.414
1718121092-177,https://www.milb.com/stats/pitching?page=17,LuisL MorenoMoreno,P,SYR,0,2,14.29,2,2,0,0,0,0,5.2,6,9,9,0,1,6,7,2.12,0.286
1718121092-178,https://www.milb.com/stats/pitching?page=17,ErikE SwansonSwanson,P,BUF,0,1,9.53,7,0,0,0,0,0,5.2,9,6,6,2,0,5,7,2.47,0.375
1718121092-179,https://www.milb.com/stats/pitching?page=17,AbnerA UribeUribe,P,NAS,1,0,1.04,7,0,0,0,1,1,8.2,3,1,1,0,2,7,7,1.15,0.103
1718121092-180,https://www.milb.com/stats/pitching?page=17,KyleK WhittenWhitten,P,DUR,1,0,4.05,3,0,0,0,0,0,6.2,4,3,3,1,0,1,7,0.75,0.174
1718121092-181,https://www.milb.com/stats/pitching?page=17,BrandonB WilliamsonWilliamson,P,LOU,0,0,0.84,3,3,0,0,0,0,10.2,6,1,1,0,1,3,7,0.84,0.176
1718121092-182,https://www.milb.com/stats/pitching?page=17,HuascarH YnoaYnoa,P,GWN,0,1,6.52,3,3,0,0,0,0,9.2,11,7,7,2,1,2,7,1.34,0.297
1718121092-183,https://www.milb.com/stats/pitching?page=17,AndrewA BechtoldBechtold,P,BUF,1,0,12.46,4,0,0,0,0,1,4.1,8,6,6,1,0,7,6,3.46,0.381
1718121096-184,https://www.milb.com/stats/pitching?page=16,ColbyC WhiteWhite,P,DUR,0,2,17.61,9,1,0,0,0,1,7.2,10,17,15,3,2,10,10,2.61,0.294
1718121096-185,https://www.milb.com/stats/pitching?page=16,GavinG WilliamsWilliams,P,COL,0,0,8.53,3,3,0,0,0,0,6.1,8,7,6,2,0,4,10,1.89,0.296
1718121096-186,https://www.milb.com/stats/pitching?page=16,AlexA YoungYoung,P,LOU,1,0,1.38,13,0,0,0,0,0,13,8,3,2,0,2,6,10,1.08,0.178
1718121096-187,https://www.milb.com/stats/pitching?page=16,T.J.T ZeuchZeuch,P,ROC,0,1,12.39,10,1,0,0,0,0,20.1,38,29,28,8,4,8,10,2.26,0.388
1718121096-188,https://www.milb.com/stats/pitching?page=16,TylerT ZuberZuber,P,DUR,1,0,0,8,0,0,0,3,3,8.2,4,0,0,0,0,3,10,0.81,0.129
1718121096-189,https://www.milb.com/stats/pitching?page=16,ShaunS AndersonAnderson,P,JAX,0,1,2.45,2,2,0,0,0,0,7.1,9,3,2,0,0,0,9,1.23,0.29
1718121096-190,https://www.milb.com/stats/pitching?page=16,IsaiahI CampbellCampbell,P,WOR,0,1,1.17,7,0,0,0,0,0,7.2,4,2,1,1,0,2,9,0.78,0.148
1718121096-191,https://www.milb.com/stats/pitching?page=16,CooperC CriswellCriswell,P,WOR,0,1,0.87,2,2,0,0,0,0,10.1,8,1,1,0,3,3,9,1.06,0.229
1718121096-192,https://www.milb.com/stats/pitching?page=16,ParkerP DunsheeDunshee,P,GWN,0,0,1.13,3,0,0,0,2,2,8,8,1,1,0,1,2,9,1.25,0.267
1718121096-193,https://www.milb.com/stats/pitching?page=16,ShintaroS FujinamiFujinami,P,SYR,0,0,14.09,9,0,0,0,0,0,7.2,7,15,12,1,2,17,9,3.13,0.25
1718121096-194,https://www.milb.com/stats/pitching?page=16,AlexA LangeLange,P,TOL,1,0,1.29,7,0,0,0,0,0,7,5,1,1,1,0,0,9,0.71,0.192
1718121096-195,https://www.milb.com/stats/pitching?page=16,NateN LavenderLavender,P,SYR,0,0,3.86,5,1,0,0,0,0,7,6,3,3,2,0,7,9,1.86,0.222
1718121096-196,https://www.milb.com/stats/pitching?page=16,BrandonB LeibrandtLeibrandt,P,LOU,1,0,3.68,3,3,0,0,0,0,14.2,14,6,6,4,1,5,9,1.3,0.259
1718121096-197,https://www.milb.com/stats/pitching?page=16,ZachZ MaxwellMaxwell,P,LOU,1,0,7.5,7,0,0,0,0,1,6,6,6,5,0,0,10,9,2.67,0.261
1718121096-198,https://www.milb.com/stats/pitching?page=16,SamS MollMoll,P,LOU,1,2,6.48,9,0,0,0,1,1,8.1,11,6,6,1,2,3,9,1.68,0.324
1718121096-199,https://www.milb.com/stats/pitching?page=16,EliE MorganMorgan,P,COL,0,0,3.24,6,0,0,0,0,0,8.1,3,3,3,1,0,6,9,1.08,0.111
1718121096-200,https://www.milb.com/stats/pitching?page=16,AndreA PallantePallante,P,MEM,1,0,2.2,4,3,0,0,0,0,16.1,14,4,4,0,2,13,9,1.65,0.241
1718121096-201,https://www.milb.com/stats/pitching?page=16,AndrewA PolitiPoliti,P,WOR,0,1,9.82,8,0,0,0,0,1,7.1,10,8,8,4,0,5,9,2.05,0.333
1718121096-202,https://www.milb.com/stats/pitching?page=16,JaredJ ShusterShuster,P,CLT,0,1,6.39,3,3,0,0,0,0,12.2,14,9,9,4,0,3,9,1.34,0.275
1718121096-203,https://www.milb.com/stats/pitching?page=16,NashN WaltersWalters,P,ROC,0,0,4.63,8,0,0,0,0,1,11.2,12,6,6,2,0,4,9,1.37,0.267
1718121096-204,https://www.milb.com/stats/pitching?page=16,TylerT AlexanderAlexander,P,DUR,0,1,6.35,1,1,0,0,0,0,5.2,9,5,4,1,0,1,8,1.76,0.346
1718121096-205,https://www.milb.com/stats/pitching?page=16,CalebC BaragarBaragar,P,STP,0,1,6.75,2,2,0,0,0,0,6.2,11,7,5,1,0,3,8,2.1,0.355
1718121096-206,https://www.milb.com/stats/pitching?page=16,ValenteV BellozoBellozo,P,JAX,0,1,7.71,3,3,0,0,0,0,11.2,9,10,10,5,2,8,8,1.46,0.22
1718121096-207,https://www.milb.com/stats/pitching?page=16,ChrisC DevenskiDevenski,P,DUR,0,0,6,3,0,0,0,0,1,6,7,4,4,1,0,0,8,1.17,0.292
1718121096-208,https://www.milb.com/stats/pitching?page=16,KevinK KellyKelly,P,DUR,0,0,0,5,0,0,0,0,0,4.2,4,1,0,0,0,0,8,0.86,0.222
1718121099-209,https://www.milb.com/stats/pitching?page=15,ZackZ KellyKelly,P,WOR,0,0,0,7,0,0,0,1,1,10.2,1,0,0,0,0,8,11,0.84,0.031
1718121099-210,https://www.milb.com/stats/pitching?page=15,JeffJ LindgrenLindgren,P,JAX,0,0,10.95,6,0,0,0,0,0,12.1,15,15,15,7,1,9,11,1.95,0.326
1718121099-211,https://www.milb.com/stats/pitching?page=15,NicholasN PadillaPadilla,P,CLT,0,0,4.32,6,0,0,0,0,0,8.1,8,4,4,1,0,2,11,1.2,0.25
1718121099-212,https://www.milb.com/stats/pitching?page=15,DavidD PetersonPeterson,P,SYR,1,1,2.79,2,2,0,0,0,0,9.2,12,4,3,0,1,2,11,1.45,0.3
1718121099-213,https://www.milb.com/stats/pitching?page=15,ZachZ PopPop,P,BUF,0,1,1.86,9,0,0,0,3,3,9.2,8,3,2,0,0,5,11,1.34,0.205
1718121099-214,https://www.milb.com/stats/pitching?page=15,AngelA SánchezSánchez,P,DUR,3,1,2.61,4,4,0,0,0,0,20.2,23,11,6,2,0,6,11,1.4,0.288
1718121099-215,https://www.milb.com/stats/pitching?page=15,HurstonH WaldrepWaldrep,P,GWN,0,1,4.5,1,1,0,0,0,0,6,5,3,3,1,0,1,11,1,0.227
1718121099-216,https://www.milb.com/stats/pitching?page=15,JordanJ WicksWicks,P,IOW,0,2,3.12,3,3,0,0,0,0,8.2,5,4,3,1,0,3,11,0.92,0.161
1718121099-217,https://www.milb.com/stats/pitching?page=15,JaimeJ AriasArias,P,COL,0,1,8.79,4,0,0,0,0,0,14.1,26,14,14,6,1,8,10,2.37,0.413
1718121099-218,https://www.milb.com/stats/pitching?page=15,JacobJ BarnesBarnes,P,ROC,0,0,0,7,0,0,0,2,2,8,1,0,0,0,0,2,10,0.38,0.04
1718121099-219,https://www.milb.com/stats/pitching?page=15,RichardR BleierBleier,P,ROC,1,1,4.32,15,0,0,0,1,3,16.2,20,8,8,2,0,2,10,1.32,0.313
1718121099-220,https://www.milb.com/stats/pitching?page=15,KyleK BradishBradish,P,NOR,1,0,5.4,2,2,0,0,0,0,8.1,11,5,5,1,1,4,10,1.8,0.324
1718121099-221,https://www.milb.com/stats/pitching?page=15,HuascarH BrazobanBrazoban,P,JAX,1,1,5.91,6,0,0,0,0,0,10.2,13,9,7,2,0,3,10,1.5,0.295
1718121099-222,https://www.milb.com/stats/pitching?page=15,TommyT DoyleDoyle,P,GWN,0,1,3.52,6,0,0,0,1,2,7.2,6,4,3,1,0,6,10,1.57,0.2
1718121099-223,https://www.milb.com/stats/pitching?page=15,DavidD FletcherFletcher,2B,GWN,0,1,6.55,5,1,0,0,0,0,11,10,8,8,0,3,7,10,1.55,0.244
1718121099-224,https://www.milb.com/stats/pitching?page=15,DeiviD GarcíaGarcía,P,CLT,1,2,9,10,0,0,0,0,0,9,9,9,9,1,2,11,10,2.22,0.265
1718121099-225,https://www.milb.com/stats/pitching?page=15,VladimirV GutierrezGutierrez,P,WOR,0,0,10.66,7,2,0,0,1,1,12.2,17,17,15,2,1,15,10,2.53,0.321
1718121099-226,https://www.milb.com/stats/pitching?page=15,DaultonD JefferiesJefferies,P,IND,1,1,7.8,4,4,0,0,0,0,15,22,13,13,1,0,10,10,2.13,0.367
1718121099-227,https://www.milb.com/stats/pitching?page=15,JaredJ KoenigKoenig,P,NAS,0,0,1.59,5,0,0,0,0,0,5.2,2,1,1,0,0,2,10,0.71,0.118
1718121099-228,https://www.milb.com/stats/pitching?page=15,NickN LodoloLodolo,P,LOU,0,2,5.87,2,2,0,0,0,0,7.2,7,5,5,1,3,3,10,1.3,0.259
1718121099-229,https://www.milb.com/stats/pitching?page=15,TylerT McKayMcKay,P,LHV,1,1,5.68,12,0,0,0,0,1,12.2,15,12,8,2,1,11,10,2.05,0.294
1718121099-230,https://www.milb.com/stats/pitching?page=15,HunterH ParsonsParsons,P,SYR,0,0,6.75,5,1,0,0,0,0,6.2,5,5,5,1,0,8,10,1.95,0.208
1718121099-231,https://www.milb.com/stats/pitching?page=15,RyderR RyanRyan,P,IND,0,0,3.77,10,0,0,0,0,1,14.1,17,7,6,3,0,5,10,1.53,0.304
1718121099-232,https://www.milb.com/stats/pitching?page=15,RickyR TiedemannTiedemann,P,BUF,0,1,5.63,3,3,0,0,0,0,8,7,5,5,3,3,9,10,2,0.241
1718121099-233,https://www.milb.com/stats/pitching?page=15,HaydenH WesneskiWesneski,P,IOW,1,0,2.53,3,2,0,0,0,0,10.2,9,3,3,0,2,3,10,1.13,0.231
1718121103-234,https://www.milb.com/stats/pitching?page=14,MychalM GivensGivens,P,JAX,0,0,7.94,9,0,0,0,0,0,11.1,13,10,10,2,1,5,13,1.59,0.277
1718121103-235,https://www.milb.com/stats/pitching?page=14,TylorT MegillMegill,P,SYR,1,0,0,2,2,0,0,0,0,9.1,7,0,0,0,0,1,13,0.86,0.219
1718121103-236,https://www.milb.com/stats/pitching?page=14,CarmenC MlodzinskiMlodzinski,P,IND,0,1,6.43,12,0,0,0,0,2,14,18,10,10,3,2,7,13,1.79,0.316
1718121103-237,https://www.milb.com/stats/pitching?page=14,KyleK NicolasNicolas,P,IND,0,0,0.84,9,0,0,0,1,1,10.2,2,1,1,0,1,9,13,1.03,0.061
1718121103-238,https://www.milb.com/stats/pitching?page=14,JoséJ RuizRuiz,P,LHV,0,1,1.64,10,0,0,0,3,4,11,7,2,2,1,0,3,13,0.91,0.179
1718121103-239,https://www.milb.com/stats/pitching?page=14,NickN WittgrenWittgren,P,STP,0,0,2.31,9,0,0,0,0,0,11.2,8,3,3,0,1,2,13,0.86,0.186
1718121103-240,https://www.milb.com/stats/pitching?page=14,BrandonB YoungYoung,P,NOR,1,0,5.25,3,2,0,0,0,0,12,10,8,7,1,1,6,13,1.33,0.222
1718121103-241,https://www.milb.com/stats/pitching?page=14,MelvinM AdónAdón,P,WOR,0,1,11.88,7,0,0,0,0,1,8.1,9,11,11,2,1,10,12,2.28,0.273
1718121103-242,https://www.milb.com/stats/pitching?page=14,JorgeJ AlcalaAlcala,P,STP,0,0,2.08,7,0,0,0,2,2,8.2,5,2,2,1,0,7,12,1.38,0.179
1718121103-243,https://www.milb.com/stats/pitching?page=14,KrisK BubicBubic,P,OMA,0,1,1.42,3,3,0,0,0,0,12.2,9,2,2,0,1,3,12,0.95,0.196
1718121103-244,https://www.milb.com/stats/pitching?page=14,SeanS BurkeBurke,P,CLT,0,0,3.86,2,2,0,0,0,0,7,6,3,3,1,0,4,12,1.43,0.231
1718121103-245,https://www.milb.com/stats/pitching?page=14,EdwardE CabreraCabrera,P,JAX,0,0,0.71,3,3,0,0,0,0,12.2,11,2,1,0,0,8,12,1.5,0.244
1718121103-246,https://www.milb.com/stats/pitching?page=14,ZachZ DaviesDavies,P,OMA,1,1,4.29,5,5,0,0,0,0,21,20,11,10,2,0,9,12,1.38,0.247
1718121103-247,https://www.milb.com/stats/pitching?page=14,AntonioA JimenezJimenez,P,DUR,0,0,6.75,9,0,0,0,0,2,12,16,9,9,3,0,3,12,1.58,0.314
1718121103-248,https://www.milb.com/stats/pitching?page=14,MaxM LazarLazar,P,LHV,1,1,0.75,10,0,0,0,4,4,12,4,2,1,0,0,3,12,0.58,0.105
1718121103-249,https://www.milb.com/stats/pitching?page=14,NickN NelsonNelson,P,LHV,1,2,8.62,15,0,0,0,0,4,15.2,20,18,15,3,2,9,12,1.85,0.308
1718121103-250,https://www.milb.com/stats/pitching?page=14,EthanE RobertsRoberts,P,IOW,0,0,0,8,0,0,0,0,0,8.1,3,1,0,0,3,3,12,0.72,0.111
1718121103-251,https://www.milb.com/stats/pitching?page=14,ErikE SabrowskiSabrowski,P,COL,1,1,6,7,0,0,0,0,0,9,8,6,6,0,1,11,12,2.11,0.258
1718121103-252,https://www.milb.com/stats/pitching?page=14,AndrewAn SuárezSuárez,P,NOR,2,1,5.93,10,0,0,0,0,1,13.2,19,11,9,2,1,5,12,1.76,0.339
1718121103-253,https://www.milb.com/stats/pitching?page=14,SimeonS Woods RichardsonWoods Richardson,P,STP,0,1,6.08,3,3,0,0,0,0,13.1,16,9,9,0,1,5,12,1.58,0.302
1718121103-254,https://www.milb.com/stats/pitching?page=14,AustinA BergnerBergner,P,TOL,0,0,11.57,5,5,0,0,0,0,14,21,18,18,4,0,11,11,2.29,0.333
1718121103-255,https://www.milb.com/stats/pitching?page=14,BeauB BurrowsBurrows,P,LHV,0,0,8.1,9,0,0,0,0,0,13.1,15,12,12,1,0,18,11,2.48,0.294
1718121103-256,https://www.milb.com/stats/pitching?page=14,MichaelM ByrneByrne,P,LOU,0,0,4.05,7,0,0,0,2,2,6.2,7,3,3,0,1,2,11,1.35,0.28
1718121103-257,https://www.milb.com/stats/pitching?page=14,BowdenB FrancisFrancis,P,BUF,2,1,1.74,4,2,0,0,0,0,10.1,6,4,2,1,1,2,11,0.77,0.162
1718121103-258,https://www.milb.com/stats/pitching?page=14,JoeJ GunkelGunkel,P,STP,0,5,10.54,9,7,0,0,0,0,27.1,52,33,32,7,0,6,11,2.12,0.406
1718121112-259,https://www.milb.com/stats/pitching?page=13,TajT BradleyBradley,P,DUR,1,0,0.82,2,2,0,0,0,0,11,2,1,1,1,0,3,15,0.45,0.057
1718121112-260,https://www.milb.com/stats/pitching?page=13,ColtenC BrewerBrewer,P,IOW,0,2,1.54,9,0,0,0,3,4,11.2,8,4,2,1,0,5,15,1.11,0.186
1718121112-261,https://www.milb.com/stats/pitching?page=13,BrentB HeadrickHeadrick,P,STP,1,0,2.08,2,2,0,0,0,0,8.2,7,2,2,1,0,3,15,1.15,0.219
1718121112-262,https://www.milb.com/stats/pitching?page=13,TreyT McGoughMcGough,P,NOR,1,0,3.55,5,0,0,0,0,0,12.2,9,5,5,2,0,6,15,1.18,0.196
1718121112-263,https://www.milb.com/stats/pitching?page=13,StephenS NogosekNogosek,P,ROC,1,2,9.77,11,0,0,0,0,1,15.2,15,18,17,5,1,18,15,2.11,0.263
1718121112-264,https://www.milb.com/stats/pitching?page=13,RicardoR PintoPinto,P,LHV,1,1,4.63,6,4,1,0,0,0,23.1,26,12,12,2,1,13,15,1.67,0.286
1718121112-265,https://www.milb.com/stats/pitching?page=13,ArtA WarrenWarren,P,SWB,0,0,11.37,11,0,0,0,0,0,12.2,23,16,16,6,0,8,15,2.45,0.39
1718121112-266,https://www.milb.com/stats/pitching?page=13,CoryC AbbottAbbott,P,CLT,2,1,5.32,12,1,0,0,0,0,22,23,15,13,5,0,9,14,1.45,0.267
1718121112-267,https://www.milb.com/stats/pitching?page=13,TylerT BeedeBeede,P,COL,0,3,10.43,5,4,0,0,0,0,14.2,17,17,17,3,0,8,14,1.7,0.298
1718121112-268,https://www.milb.com/stats/pitching?page=13,JTJ ChargoisChargois,P,JAX,0,0,0.71,11,2,0,0,0,0,12.2,4,1,1,0,0,4,14,0.63,0.095
1718121112-269,https://www.milb.com/stats/pitching?page=13,AustinA CoxCox,P,OMA,1,0,5.63,11,0,0,0,0,0,16,18,11,10,5,1,12,14,1.88,0.29
1718121112-270,https://www.milb.com/stats/pitching?page=13,JonahJ DipotoDipoto,P,LHV,1,0,4.96,12,2,0,0,0,2,16.1,14,12,9,4,3,9,14,1.41,0.222
1718121112-271,https://www.milb.com/stats/pitching?page=13,NickN DombkowskiDombkowski,P,IND,1,1,4.5,4,2,0,0,0,0,16,20,8,8,3,0,12,14,2,0.313
1718121112-272,https://www.milb.com/stats/pitching?page=13,BradB KellerKeller,P,CLT,1,1,4.5,3,3,0,0,0,0,16,16,8,8,1,0,6,14,1.38,0.262
1718121112-273,https://www.milb.com/stats/pitching?page=13,MaxM KranickKranick,P,SYR,0,0,3.66,9,2,0,0,0,0,19.2,21,10,8,4,1,9,14,1.53,0.269
1718121112-274,https://www.milb.com/stats/pitching?page=13,KyleK LeahyLeahy,P,MEM,0,2,5.84,8,0,0,0,0,0,12.1,13,8,8,4,0,4,14,1.38,0.283
1718121112-275,https://www.milb.com/stats/pitching?page=13,EastonE LucasLucas,P,TOL,0,0,5.4,6,0,0,0,1,2,10,11,6,6,1,0,3,14,1.4,0.275
1718121112-276,https://www.milb.com/stats/pitching?page=13,CorbinCo MartinMartin,P,NOR,1,1,7.02,15,0,0,0,1,1,16.2,23,14,13,2,0,19,14,2.52,0.343
1718121112-277,https://www.milb.com/stats/pitching?page=13,NickN RaquetRaquet,P,MEM,0,1,5.65,7,0,0,0,0,0,14.1,18,11,9,2,1,5,14,1.6,0.316
1718121112-278,https://www.milb.com/stats/pitching?page=13,AaronA SanchezSanchez,P,BUF,2,2,9,5,5,0,0,0,0,22,24,23,22,4,4,11,14,1.59,0.267
1718121112-279,https://www.milb.com/stats/pitching?page=13,AustinA SchulferSchulfer,P,STP,0,0,5.09,11,0,0,0,0,0,17.2,18,11,10,2,1,10,14,1.58,0.269
1718121112-280,https://www.milb.com/stats/pitching?page=13,ChandlerC ChamplainChamplain,P,OMA,0,0,3,3,3,0,0,0,0,18,16,6,6,2,1,5,13,1.17,0.262
1718121112-281,https://www.milb.com/stats/pitching?page=13,TaylorT ClarkeClarke,P,NAS,1,0,2.95,7,5,0,0,0,0,18.1,17,7,6,3,2,3,13,1.09,0.246
1718121112-282,https://www.milb.com/stats/pitching?page=13,MattM FestaFesta,P,SYR,0,0,3.24,6,0,0,0,0,0,8.1,9,3,3,1,1,1,13,1.2,0.281
1718121112-283,https://www.milb.com/stats/pitching?page=13,NickN FrazeFraze,P,BUF,0,1,3.38,9,1,0,0,1,1,16,13,7,6,2,3,7,13,1.25,0.217
1718121117-284,https://www.milb.com/stats/pitching?page=12,BrandonB KomarKomar,P,MEM,1,0,5.85,9,0,0,0,0,1,20,24,13,13,2,0,9,17,1.65,0.296
1718121117-285,https://www.milb.com/stats/pitching?page=12,LaelL LockhartLockhart,P,TOL,0,1,7.41,4,4,0,0,0,0,17,18,14,14,4,4,10,17,1.65,0.269
1718121117-286,https://www.milb.com/stats/pitching?page=12,JoshJ MaciejewskiMaciejewski,P,SWB,1,1,4.5,7,2,0,0,0,0,16,19,9,8,1,1,6,17,1.56,0.284
1718121117-287,https://www.milb.com/stats/pitching?page=12,RonR MarinaccioMarinaccio,P,SWB,0,2,1.17,11,0,0,0,3,3,15.1,9,2,2,1,2,5,17,0.91,0.167
1718121117-288,https://www.milb.com/stats/pitching?page=12,DaltonD RoachRoach,P,CLT,1,0,4.3,13,0,0,0,0,0,14.2,12,8,7,1,2,8,17,1.36,0.218
1718121117-289,https://www.milb.com/stats/pitching?page=12,BeauB SulserSulser,P,BUF,1,3,7.59,7,3,0,0,0,0,21.1,23,18,18,8,1,3,17,1.22,0.274
1718121117-290,https://www.milb.com/stats/pitching?page=12,AlbertAl SuárezSuárez,P,NOR,1,1,5.87,3,1,0,0,0,0,15.1,19,11,10,2,0,1,17,1.3,0.297
1718121117-291,https://www.milb.com/stats/pitching?page=12,JoshJ WinckowskiWinckowski,P,WOR,1,2,4.19,5,4,0,0,0,0,19.1,24,15,9,1,0,4,17,1.45,0.279
1718121117-292,https://www.milb.com/stats/pitching?page=12,JoshJ WinderWinder,P,STP,2,0,5.63,9,0,0,0,2,2,16,20,11,10,1,2,6,17,1.63,0.313
1718121117-293,https://www.milb.com/stats/pitching?page=12,DrewD AndersonAnderson,P,TOL,2,1,3.86,9,0,0,0,1,2,14,16,6,6,0,0,9,16,1.79,0.286
1718121117-294,https://www.milb.com/stats/pitching?page=12,NolanN BlackwoodBlackwood,P,NAS,1,1,2.87,15,0,0,0,1,1,15.2,13,8,5,1,0,7,16,1.28,0.224
1718121117-295,https://www.milb.com/stats/pitching?page=12,WilliamW FlemingFleming,P,OMA,0,0,5.14,5,5,0,0,0,0,21,24,12,12,3,3,7,16,1.48,0.282
1718121117-296,https://www.milb.com/stats/pitching?page=12,J.C.J FlowersFlowers,P,IND,2,1,9,14,2,0,0,0,1,20,27,24,20,4,2,26,16,2.65,0.329
1718121117-297,https://www.milb.com/stats/pitching?page=12,BraxtonB GarrettGarrett,P,JAX,1,0,3.93,4,4,0,0,0,0,18.1,14,8,8,3,0,3,16,0.93,0.212
1718121117-298,https://www.milb.com/stats/pitching?page=12,ChrisC GauGau,P,IND,2,1,6,7,1,0,0,0,0,18,16,13,12,3,0,15,16,1.72,0.235
1718121117-299,https://www.milb.com/stats/pitching?page=12,KalebK OrtOrt,P,NOR,0,1,12.08,14,0,0,0,2,2,12.2,21,19,17,2,0,10,16,2.45,0.356
1718121117-300,https://www.milb.com/stats/pitching?page=12,YarielY RodríguezRodriguez,P,BUF,0,0,0.68,6,5,0,0,0,0,13.1,6,2,1,0,1,9,16,1.13,0.13
1718121117-301,https://www.milb.com/stats/pitching?page=12,ChrisC RoycroftRoycroft,P,MEM,1,0,0.98,14,0,0,0,2,2,18.1,12,2,2,1,0,6,16,0.98,0.185
1718121117-302,https://www.milb.com/stats/pitching?page=12,JoshJ StaumontStaumont,P,STP,0,1,4.22,8,0,0,0,0,0,10.2,9,5,5,1,0,3,16,1.13,0.231
1718121117-303,https://www.milb.com/stats/pitching?page=12,DarrellD ThompsonThompson,P,NAS,2,1,2.77,14,0,0,0,1,3,13,6,7,4,3,2,12,16,1.38,0.133
1718121117-304,https://www.milb.com/stats/pitching?page=12,RyanR ZeferjahnZeferjahn,P,WOR,0,2,5.68,9,1,0,0,1,2,12.2,12,11,8,3,3,11,16,1.82,0.255
1718121117-305,https://www.milb.com/stats/pitching?page=12,TyT AdcockAdcock,P,SYR,1,1,4.91,11,0,0,0,1,1,11,13,7,6,2,1,5,15,1.64,0.277
1718121117-306,https://www.milb.com/stats/pitching?page=12,Nelson L.N AlvarezAlvarez,P,DUR,1,0,3.94,12,0,0,0,0,0,16,11,8,7,0,0,15,15,1.63,0.208
1718121117-307,https://www.milb.com/stats/pitching?page=12,MattM AndrieseAndriese,P,JAX,1,3,4.03,9,1,0,0,0,0,22.1,30,10,10,1,0,9,15,1.75,0.323
1718121117-308,https://www.milb.com/stats/pitching?page=12,CamC BooserBooser,P,WOR,2,0,2.7,4,0,0,0,0,1,6.2,3,2,2,0,1,1,15,0.6,0.13
1718121121-309,https://www.milb.com/stats/pitching?page=11,TylerT DuffeyDuffey,P,OMA,1,1,2.87,10,0,0,0,0,0,15.2,14,5,5,1,0,9,19,1.47,0.226
1718121121-310,https://www.milb.com/stats/pitching?page=11,NicN EnrightEnright,P,COL,2,0,0,7,0,0,0,1,1,9,4,0,0,0,0,1,19,0.56,0.129
1718121121-311,https://www.milb.com/stats/pitching?page=11,WilmerW FloresFlores,P,TOL,2,2,6.04,13,0,0,0,0,0,22.1,22,18,15,2,0,19,19,1.84,0.262
1718121121-312,https://www.milb.com/stats/pitching?page=11,DomingoD GermánGermán,P,IND,0,3,7.97,4,4,0,0,0,0,20.1,26,22,18,4,2,14,19,1.97,0.295
1718121121-313,https://www.milb.com/stats/pitching?page=11,KevinK HergetHerget,P,NAS,2,0,2.6,14,0,0,0,1,2,17.1,13,5,5,0,0,4,19,0.98,0.203
1718121121-314,https://www.milb.com/stats/pitching?page=11,JacobJ LopezLopez,P,DUR,2,2,5.71,5,4,0,0,0,0,17.1,17,11,11,4,2,6,19,1.33,0.254
1718121121-315,https://www.milb.com/stats/pitching?page=11,ChaseC PlymellPlymell,P,CLT,1,0,2.36,17,0,0,0,0,1,26.2,20,9,7,2,0,14,19,1.28,0.206
1718121121-316,https://www.milb.com/stats/pitching?page=11,ErasmoE RamírezRamírez,P,DUR,2,0,1.84,9,0,0,0,1,1,14.2,10,3,3,1,0,4,19,0.95,0.185
1718121121-317,https://www.milb.com/stats/pitching?page=11,ColeC SulserSulser,P,SYR,2,2,2.45,14,1,0,0,1,2,18.1,11,8,5,4,1,10,19,1.15,0.18
1718121121-318,https://www.milb.com/stats/pitching?page=11,AndrewA BellattiBellatti,P,LHV,1,0,7.78,20,0,0,0,2,2,19.2,18,17,17,4,3,16,18,1.73,0.24
1718121121-319,https://www.milb.com/stats/pitching?page=11,NickN BennettBennett,P,NAS,1,3,4.97,12,4,0,0,0,0,29,29,17,16,3,0,13,18,1.45,0.252
1718121121-320,https://www.milb.com/stats/pitching?page=11,PorterP HodgeHodge,P,IOW,1,1,6.55,10,0,0,0,0,0,11,12,10,8,1,0,11,18,2.09,0.267
1718121121-321,https://www.milb.com/stats/pitching?page=11,JoeJ La SorsaLa Sorsa,P,ROC,2,2,2.73,19,0,0,0,0,0,26.1,20,10,8,4,1,9,18,1.1,0.204
1718121121-322,https://www.milb.com/stats/pitching?page=11,LaneL RamseyRamsey,P,CLT,1,1,5.17,14,0,0,0,1,3,15.2,11,9,9,5,1,13,18,1.53,0.193
1718121121-323,https://www.milb.com/stats/pitching?page=11,LuisL ReyesReyes,P,ROC,1,1,5.54,22,0,0,0,0,0,26,24,17,16,2,1,18,18,1.62,0.245
1718121121-324,https://www.milb.com/stats/pitching?page=11,ManuelM RodríguezRodríguez,P,DUR,0,0,1.88,14,0,0,0,4,4,14.1,13,3,3,2,1,3,18,1.12,0.25
1718121121-325,https://www.milb.com/stats/pitching?page=11,VictorV SantosSantos,P,MEM,1,4,6.35,8,4,0,0,1,2,28.1,33,22,20,2,2,12,18,1.59,0.306
1718121121-326,https://www.milb.com/stats/pitching?page=11,KadeK StrowdStrowd,P,NOR,1,1,7.94,11,0,0,0,0,1,11.1,15,10,10,3,0,6,18,1.85,0.326
1718121121-327,https://www.milb.com/stats/pitching?page=11,KeeganK ThompsonThompson,P,IOW,1,1,4.97,9,0,0,0,0,1,12.2,7,7,7,2,1,7,18,1.11,0.159
1718121121-328,https://www.milb.com/stats/pitching?page=11,RandyR WynneWynne,P,LOU,0,0,1.3,11,5,0,0,0,0,27.2,16,5,4,1,0,11,18,0.98,0.165
1718121121-329,https://www.milb.com/stats/pitching?page=11,DannyD YoungYoung,P,SYR,1,1,1.59,12,0,0,0,2,3,11.1,7,2,2,0,2,11,18,1.59,0.171
1718121121-330,https://www.milb.com/stats/pitching?page=11,RobertR GasserGasser,P,NAS,0,1,5.25,3,3,0,0,0,0,12,12,7,7,4,1,6,17,1.5,0.273
1718121121-331,https://www.milb.com/stats/pitching?page=11,ZacZ HoustonHouston,P,LHV,2,0,8.53,12,0,0,0,0,0,12.2,14,13,12,4,3,11,17,1.97,0.286
1718121121-332,https://www.milb.com/stats/pitching?page=11,KoltonK IngramIngram,P,MEM,2,0,4.61,12,0,0,0,2,3,13.2,10,7,7,1,2,13,17,1.68,0.213
1718121121-333,https://www.milb.com/stats/pitching?page=11,TylerT JayJay,P,SYR,3,0,2.17,16,1,0,0,1,1,29,25,9,7,2,1,2,17,0.93,0.236
1718121125-334,https://www.milb.com/stats/pitching?page=10,GrantG HartwigHartwig,P,SYR,4,0,2.45,19,0,0,0,2,2,22,17,8,6,1,3,11,22,1.27,0.21
1718121125-335,https://www.milb.com/stats/pitching?page=10,CadeC HortonHorton,P,IOW,1,1,7.5,5,5,0,0,0,0,18,17,15,15,4,0,11,22,1.56,0.254
1718121125-336,https://www.milb.com/stats/pitching?page=10,RayR KerrKerr,P,GWN,0,1,4.5,9,1,0,0,3,3,14,13,9,7,5,1,5,22,1.29,0.245
1718121125-337,https://www.milb.com/stats/pitching?page=10,RandyR LabautLabaut,P,COL,2,4,4.26,17,1,0,0,0,3,25.1,21,18,12,5,0,15,22,1.42,0.219
1718121125-338,https://www.milb.com/stats/pitching?page=10,JohnJ MeansMeans,P,NOR,1,2,8.68,6,6,0,0,0,0,18.2,22,18,18,5,1,7,22,1.55,0.293
1718121125-339,https://www.milb.com/stats/pitching?page=10,HunterH StanleyStanley,P,COL,0,1,5.85,6,4,0,0,0,0,20,28,17,13,5,0,11,22,1.95,0.326
1718121125-340,https://www.milb.com/stats/pitching?page=10,EliE VillalobosVillalobos,P,JAX,1,1,4.5,13,0,0,0,1,3,18,17,10,9,3,2,11,22,1.56,0.243
1718121125-341,https://www.milb.com/stats/pitching?page=10,StevieS BrancheBranche,P,LOU,1,1,6.27,17,0,0,0,0,0,18.2,23,14,13,4,2,18,21,2.2,0.303
1718121125-342,https://www.milb.com/stats/pitching?page=10,HaroldH ChirinoChirino,P,NAS,1,1,3.13,17,0,0,0,0,0,23,29,15,8,2,1,18,21,2.04,0.319
1718121125-343,https://www.milb.com/stats/pitching?page=10,JoseJ HernandezHernandez,P,IND,0,0,7.04,14,0,0,0,0,0,15.1,19,12,12,1,1,9,21,1.83,0.292
1718121125-344,https://www.milb.com/stats/pitching?page=10,AaronA McGarityMcGarity,P,CLT,3,0,3.58,20,0,0,0,2,2,27.2,17,12,11,3,6,14,21,1.12,0.179
1718121125-345,https://www.milb.com/stats/pitching?page=10,EvanE McKendryMcKendry,P,NAS,1,3,4.76,8,4,0,0,0,0,28.1,24,15,15,6,0,10,21,1.2,0.222
1718121125-346,https://www.milb.com/stats/pitching?page=10,ChristianC RoaRoa,P,LOU,3,2,4.38,10,3,0,0,0,0,24.2,24,19,12,4,2,16,21,1.62,0.261
1718121125-347,https://www.milb.com/stats/pitching?page=10,JacksonJ StephensStephens,P,GWN,1,2,2.81,10,0,0,0,0,0,16,13,9,5,2,2,4,21,1.06,0.217
1718121125-348,https://www.milb.com/stats/pitching?page=10,WandissonW CharlesCharles,P,NOR,1,4,6.52,19,0,0,0,0,0,19.1,10,16,14,3,2,22,20,1.66,0.161
1718121125-349,https://www.milb.com/stats/pitching?page=10,JohnJ DoxakisDoxakis,P,COL,1,2,7.88,16,0,0,0,0,1,24,27,24,21,4,3,19,20,1.92,0.297
1718121125-350,https://www.milb.com/stats/pitching?page=10,CarlosC HernándezHernández,P,OMA,2,0,5.14,13,0,0,0,3,3,14,10,8,8,2,0,8,20,1.29,0.196
1718121125-351,https://www.milb.com/stats/pitching?page=10,AndrewA HoffmannHoffmann,P,OMA,1,1,7.64,5,5,0,0,0,0,17.2,31,18,15,3,3,6,20,2.09,0.383
1718121125-352,https://www.milb.com/stats/pitching?page=10,BlakeB HolubHolub,P,NAS,0,1,10.93,15,0,0,0,0,0,14,15,18,17,1,0,14,20,2.07,0.273
1718121125-353,https://www.milb.com/stats/pitching?page=10,RichardR LoveladyLovelady,P,IOW,1,2,5.84,10,0,0,0,0,2,12.1,22,8,8,0,0,1,20,1.86,0.373
1718121125-354,https://www.milb.com/stats/pitching?page=10,AnthonyA MaldonadoMaldonado,P,JAX,3,2,4.34,14,0,0,0,3,3,18.2,13,10,9,1,2,12,20,1.34,0.197
1718121125-355,https://www.milb.com/stats/pitching?page=10,JamesJ MeekerMeeker,P,NAS,1,0,3.48,14,0,0,0,0,1,20.2,15,10,8,1,1,10,20,1.21,0.205
1718121125-356,https://www.milb.com/stats/pitching?page=10,DednielD NúñezNúñez,P,SYR,3,0,1.38,13,0,0,0,2,2,13,7,2,2,0,0,6,20,1,0.156
1718121125-357,https://www.milb.com/stats/pitching?page=10,ColinC SelbySelby,P,OMA,2,1,4.86,15,0,0,0,0,0,16.2,9,9,9,2,2,11,20,1.2,0.161
1718121125-358,https://www.milb.com/stats/pitching?page=10,KolbyK AllardAllard,P,LHV,0,4,8.51,9,4,0,0,0,1,24.1,38,33,23,4,1,19,19,2.34,0.355
1718121128-359,https://www.milb.com/stats/pitching?page=9,JustinJ BruihlBruihl,P,LOU,4,0,2.31,19,0,0,0,0,0,23.1,16,8,6,0,5,10,24,1.11,0.2
1718121128-360,https://www.milb.com/stats/pitching?page=9,HagenH DannerDanner,P,BUF,2,0,3.18,22,0,0,0,4,5,22.2,22,9,8,4,0,9,24,1.37,0.25
1718121128-361,https://www.milb.com/stats/pitching?page=9,CaseyC LeguminaLegumina,P,LOU,1,1,2.36,18,0,0,0,0,0,26.2,17,8,7,2,2,8,24,0.94,0.185
1718121128-362,https://www.milb.com/stats/pitching?page=9,RyanR LoutosLoutos,P,MEM,1,0,1.45,16,0,0,0,4,4,18.2,13,3,3,0,0,9,24,1.18,0.197
1718121128-363,https://www.milb.com/stats/pitching?page=9,MikeM MayersMayers,P,BUF,1,3,4.87,17,0,0,0,0,1,20.1,15,12,11,2,1,12,24,1.33,0.205
1718121128-364,https://www.milb.com/stats/pitching?page=9,EnmanuelE MejiaMejia,P,DUR,4,2,4.56,20,0,0,0,0,1,25.2,20,14,13,3,2,16,24,1.4,0.206
1718121128-365,https://www.milb.com/stats/pitching?page=9,TobiasT MyersMyers,P,NAS,1,1,1.45,5,3,0,0,0,0,18.2,13,3,3,2,0,7,24,1.07,0.191
1718121128-366,https://www.milb.com/stats/pitching?page=9,EmmanuelE RamirezRamirez,P,JAX,1,1,4.74,11,0,0,0,3,5,19,18,11,10,4,0,8,24,1.37,0.247
1718121128-367,https://www.milb.com/stats/pitching?page=9,ShaneS BazBaz,P,DUR,1,3,5.33,7,7,0,0,0,0,25.1,25,15,15,2,3,17,23,1.66,0.263
1718121128-368,https://www.milb.com/stats/pitching?page=9,JonathanJ HeasleyHeasley,P,NOR,0,0,2.49,9,2,0,0,0,0,25.1,23,7,7,1,1,7,23,1.18,0.245
1718121128-369,https://www.milb.com/stats/pitching?page=9,WillW KleinKlein,P,OMA,2,0,1.93,21,0,0,0,8,10,23.1,8,7,5,1,0,14,23,0.94,0.103
1718121128-370,https://www.milb.com/stats/pitching?page=9,TaylorT LehmanLehman,P,LHV,3,1,2.57,23,0,0,0,0,0,21,10,8,6,3,2,11,23,1,0.147
1718121128-371,https://www.milb.com/stats/pitching?page=9,SamS LongLong,P,OMA,1,2,1.31,16,0,0,0,2,3,20.2,17,6,3,0,0,5,23,1.06,0.218
1718121128-372,https://www.milb.com/stats/pitching?page=9,JohnJ McMillonMcMillon,P,OMA,2,1,6.38,18,0,0,0,0,1,18.1,14,13,13,4,1,17,23,1.69,0.203
1718121128-373,https://www.milb.com/stats/pitching?page=9,CamC SandersSanders,P,IOW,1,0,4.7,11,0,0,0,0,0,15.1,11,12,8,2,1,22,23,2.15,0.19
1718121128-374,https://www.milb.com/stats/pitching?page=9,DuaneD UnderwoodUnderwood,P,SWB,2,0,1.69,16,0,0,0,2,2,21.1,12,4,4,3,0,10,23,1.03,0.167
1718121128-375,https://www.milb.com/stats/pitching?page=9,JacobJ WaguespackWaguespack,P,DUR,1,1,7.07,3,3,0,0,0,0,14,19,11,11,1,0,5,23,1.71,0.311
1718121128-376,https://www.milb.com/stats/pitching?page=9,BeauB BrieskeBrieske,P,TOL,1,0,2.95,13,0,0,0,3,4,21.1,19,7,7,0,2,11,22,1.41,0.244
1718121128-377,https://www.milb.com/stats/pitching?page=9,JoséJ ButtóButtó,P,SYR,2,2,3.86,5,5,0,0,0,0,25.2,22,12,11,3,2,13,22,1.36,0.227
1718121128-378,https://www.milb.com/stats/pitching?page=9,DiegoD CastilloCastillo,P,STP,0,0,2.5,18,0,0,0,5,6,18,13,6,5,1,1,6,22,1.06,0.194
1718121128-379,https://www.milb.com/stats/pitching?page=9,ConnorC CookeCooke,P,BUF,1,1,4.98,22,0,0,0,4,4,21.2,20,14,12,3,0,19,22,1.8,0.233
1718121128-380,https://www.milb.com/stats/pitching?page=9,JoseJ CuasCuas,P,IOW,1,0,3.48,8,0,0,0,1,1,10.1,9,4,4,1,0,5,22,1.35,0.237
1718121128-381,https://www.milb.com/stats/pitching?page=9,YerryY De Los SantosDe Los Santos,P,SWB,1,1,3.45,22,1,0,0,0,4,28.2,35,19,11,4,0,11,22,1.6,0.294
1718121128-382,https://www.milb.com/stats/pitching?page=9,JonJ DuplantierDuplantier,P,SYR,3,1,5.31,16,0,0,0,0,0,20.1,22,12,12,2,2,22,22,2.16,0.293
1718121128-383,https://www.milb.com/stats/pitching?page=9,CarlC EdwardsEdwards,P,IOW,2,3,1.93,19,0,0,0,7,8,23.1,20,8,5,1,0,14,22,1.46,0.233
1718121132-384,https://www.milb.com/stats/pitching?page=8,BrianB MoranMoran,P,GWN,1,0,5.79,14,2,0,0,0,0,23.1,30,18,15,3,2,9,26,1.67,0.309
1718121132-385,https://www.milb.com/stats/pitching?page=8,AdamA OllerOller,P,COL,1,1,6.85,7,6,0,0,0,0,22.1,20,18,17,4,0,15,26,1.57,0.241
1718121132-386,https://www.milb.com/stats/pitching?page=8,LuisL QuinonesQuinones,P,BUF,5,0,3.38,12,0,0,0,0,0,24,15,10,9,0,1,20,26,1.46,0.179
1718121132-387,https://www.milb.com/stats/pitching?page=8,GeorgeG SorianoSoriano,P,JAX,0,0,3.32,14,0,0,0,0,0,19,13,7,7,4,1,4,26,0.89,0.191
1718121132-388,https://www.milb.com/stats/pitching?page=8,BradB WieckWieck,P,IOW,3,1,4.15,19,0,0,0,0,1,26,23,14,12,4,2,7,26,1.15,0.228
1718121132-389,https://www.milb.com/stats/pitching?page=8,BrooksBro WilsonWilson,P,GWN,2,1,5.06,13,0,0,0,0,1,21.1,14,13,12,2,0,17,26,1.45,0.184
1718121132-390,https://www.milb.com/stats/pitching?page=8,JustinJ AndersonAnderson,P,CLT,1,2,2.5,16,0,0,0,6,8,18,14,8,5,1,0,4,25,1,0.206
1718121132-391,https://www.milb.com/stats/pitching?page=8,AnthonyA BandaBanda,P,COL,0,0,2.12,12,0,0,0,1,2,17,10,5,4,1,1,6,25,0.94,0.172
1718121132-392,https://www.milb.com/stats/pitching?page=8,MaxM CastilloCastillo,P,LHV,0,3,8.54,6,6,0,0,0,0,26.1,35,28,25,4,0,15,25,1.9,0.321
1718121132-393,https://www.milb.com/stats/pitching?page=8,BradyB FeiglFeigl,P,IND,6,1,3,13,1,0,0,0,0,24,18,8,8,5,0,4,25,0.92,0.205
1718121132-394,https://www.milb.com/stats/pitching?page=8,SeanS GuentherGuenther,P,TOL,2,0,2.28,20,1,0,0,1,1,27.2,21,9,7,2,1,8,25,1.05,0.204
1718121132-395,https://www.milb.com/stats/pitching?page=8,JansonJ JunkJunk,P,NAS,3,3,3.6,10,3,0,0,0,0,25,23,12,10,3,3,10,25,1.32,0.242
1718121132-396,https://www.milb.com/stats/pitching?page=8,EvanE KravetzKravetz,P,LOU,4,0,2.25,17,0,0,0,0,2,20,21,7,5,3,1,8,25,1.45,0.263
1718121132-397,https://www.milb.com/stats/pitching?page=8,MattM KrookKrook,P,NOR,2,2,2.82,21,0,0,0,1,2,22.1,16,8,7,2,0,13,25,1.3,0.205
1718121132-398,https://www.milb.com/stats/pitching?page=8,BrendonB LittleLittle,P,BUF,0,2,4.15,16,0,0,0,0,1,17.1,17,9,8,0,0,13,25,1.73,0.262
1718121132-399,https://www.milb.com/stats/pitching?page=8,GriffG McGarryMcGarry,P,LHV,1,1,3.57,14,0,0,0,1,1,17.2,14,8,7,1,0,15,25,1.64,0.222
1718121132-400,https://www.milb.com/stats/pitching?page=8,AdonisA MedinaMedina,P,ROC,4,0,1.59,19,0,0,0,0,1,28.1,21,6,5,1,2,13,25,1.2,0.212
1718121132-401,https://www.milb.com/stats/pitching?page=8,DanielD PalenciaPalencia,P,IOW,1,1,7.71,11,1,0,0,0,1,14,12,13,12,3,1,10,25,1.57,0.235
1718121132-402,https://www.milb.com/stats/pitching?page=8,DevinD SmeltzerSmeltzer,P,JAX,1,2,3.8,18,0,0,0,1,1,23.2,22,14,10,4,5,9,25,1.31,0.244
1718121132-403,https://www.milb.com/stats/pitching?page=8,PeterP StrzeleckiStrzelecki,P,COL,1,0,4.5,16,0,0,0,5,5,18,19,9,9,2,1,3,25,1.22,0.264
1718121132-404,https://www.milb.com/stats/pitching?page=8,TannerT TullyTully,P,SWB,1,4,6.65,12,9,0,0,1,1,43.1,52,33,32,8,1,12,25,1.48,0.289
1718121132-405,https://www.milb.com/stats/pitching?page=8,JoshJ WalkerWalker,P,SYR,0,2,2.12,14,0,0,0,4,4,17,7,7,4,2,1,8,25,0.88,0.117
1718121132-406,https://www.milb.com/stats/pitching?page=8,TylerT WoessnerWoessner,P,NAS,2,4,7.24,7,5,0,0,0,0,27.1,31,26,22,6,2,21,25,1.9,0.279
1718121132-407,https://www.milb.com/stats/pitching?page=8,FrancoF AlemanAleman,P,COL,1,2,3.38,13,0,0,0,0,2,13.1,8,6,5,1,2,7,24,1.13,0.182
1718121132-408,https://www.milb.com/stats/pitching?page=8,ElvisE AlvaradoAlvarado,P,JAX,1,1,4.82,15,0,0,0,2,3,18.2,12,11,10,1,4,18,24,1.61,0.185
1718121154-409,https://www.milb.com/stats/pitching?page=7,WilyW PeraltaPeralta,P,IND,2,2,7.44,17,4,0,0,0,0,32.2,35,28,27,7,0,14,29,1.5,0.278
1718121154-410,https://www.milb.com/stats/pitching?page=7,QuinnQ PriesterPriester,P,IND,2,1,3.28,5,5,0,0,0,0,24.2,21,9,9,1,1,7,29,1.14,0.226
1718121154-411,https://www.milb.com/stats/pitching?page=7,JoeJ RecordRecord,P,DUR,0,0,5.96,20,1,0,0,2,2,22.2,28,17,15,2,0,14,29,1.85,0.298
1718121154-412,https://www.milb.com/stats/pitching?page=7,TimT CateCate,P,ROC,2,1,8.31,20,0,0,0,1,1,21.2,25,21,20,5,3,13,28,1.75,0.284
1718121154-413,https://www.milb.com/stats/pitching?page=7,ChadC DallasDallas,P,BUF,2,2,6.63,8,8,0,0,0,0,38,49,29,28,9,5,17,28,1.74,0.308
1718121154-414,https://www.milb.com/stats/pitching?page=7,KenK GilesGiles,P,GWN,3,0,3.86,18,0,0,0,2,2,18.2,9,9,8,1,1,12,28,1.13,0.145
1718121154-415,https://www.milb.com/stats/pitching?page=7,BrenanB HanifeeHanifee,P,TOL,1,2,4.23,21,0,0,0,1,4,27.2,25,15,13,2,1,14,28,1.41,0.236
1718121154-416,https://www.milb.com/stats/pitching?page=7,MasonM HickmanHickman,P,COL,1,2,5.96,17,0,0,0,1,3,22.2,23,17,15,7,1,15,28,1.68,0.256
1718121154-417,https://www.milb.com/stats/pitching?page=7,AlexA MauricioMauricio,P,SWB,2,0,1.07,14,0,0,0,1,1,25.1,19,4,3,1,0,10,28,1.14,0.209
1718121154-418,https://www.milb.com/stats/pitching?page=7,YackselY RíosRíos,P,SYR,2,1,3.24,22,0,0,0,3,3,25,22,11,9,2,2,19,28,1.64,0.242
1718121154-419,https://www.milb.com/stats/pitching?page=7,AmosA WillinghamWillingham,P,ROC,1,2,5,21,0,0,0,0,1,27,28,15,15,4,2,11,28,1.44,0.267
1718121154-420,https://www.milb.com/stats/pitching?page=7,ClaytonC AndrewsAndrews,P,SWB,1,3,6.45,18,0,0,0,0,0,22.1,15,16,16,3,2,18,27,1.48,0.195
1718121154-421,https://www.milb.com/stats/pitching?page=7,JaimeJ BarriaBarria,P,COL,1,0,4.81,13,1,0,0,0,1,24.1,19,15,13,2,0,6,27,1.03,0.213
1718121154-422,https://www.milb.com/stats/pitching?page=7,PrelanderP BerroaBerroa,P,CLT,1,4,7.56,24,0,0,0,0,2,25,31,25,21,5,1,17,27,1.92,0.307
1718121154-423,https://www.milb.com/stats/pitching?page=7,JacobJ BosiokovicBosiokovic,P,MEM,3,0,3.18,19,0,0,0,0,0,22.2,13,9,8,2,1,17,27,1.32,0.16
1718121154-424,https://www.milb.com/stats/pitching?page=7,StevenS CruzCruz,P,OMA,4,1,4.81,22,0,0,0,1,3,24.1,21,14,13,3,3,12,27,1.36,0.233
1718121154-425,https://www.milb.com/stats/pitching?page=7,DaysbelD HernándezHernández,P,GWN,1,0,2.29,15,0,0,0,1,1,19.2,20,6,5,1,1,11,27,1.58,0.267
1718121154-426,https://www.milb.com/stats/pitching?page=7,LucasL LuetgeLuetge,P,WOR,2,1,3.86,18,0,0,0,3,4,23.1,23,11,10,2,0,7,27,1.29,0.253
1718121154-427,https://www.milb.com/stats/pitching?page=7,KyleK TylerTyler,P,JAX,3,2,3.94,8,6,0,0,0,0,32,27,14,14,2,2,14,27,1.28,0.239
1718121154-428,https://www.milb.com/stats/pitching?page=7,BenB BowdenBowden,P,GWN,2,1,4.5,18,0,0,0,0,0,20,20,10,10,4,2,13,26,1.65,0.26
1718121154-429,https://www.milb.com/stats/pitching?page=7,KentK EmanuelEmanuel,P,JAX,0,3,6.6,9,4,0,0,0,0,30,45,22,22,4,2,8,26,1.77,0.354
1718121154-430,https://www.milb.com/stats/pitching?page=7,BrentB HoneywellHoneywell,P,IND,1,2,5.34,22,0,0,0,3,4,28.2,27,21,17,3,2,13,26,1.4,0.252
1718121154-431,https://www.milb.com/stats/pitching?page=7,TyT MaddenMadden,P,TOL,0,2,9.3,6,6,0,0,0,0,20.1,26,22,21,6,0,16,26,2.07,0.31
1718121154-432,https://www.milb.com/stats/pitching?page=7,AlekA ManoahManoah,P,BUF,0,2,6.5,4,4,0,0,0,0,18,23,13,13,4,0,7,26,1.67,0.315
1718121154-433,https://www.milb.com/stats/pitching?page=7,IsaacI MattsonMattson,P,IND,0,1,4.67,7,2,0,0,1,1,17.1,17,10,9,2,0,18,26,2.02,0.262
1718121157-434,https://www.milb.com/stats/pitching?page=6,JorgeJ BenitezBenitez,P,WOR,2,2,7.5,17,0,0,0,0,0,24,24,20,20,4,3,21,31,1.88,0.264
1718121157-435,https://www.milb.com/stats/pitching?page=6,RyanR BurrBurr,P,BUF,2,1,2.55,16,0,0,0,1,3,17.2,16,6,5,1,0,7,31,1.3,0.235
1718121157-436,https://www.milb.com/stats/pitching?page=6,AlanA BusenitzBusenitz,P,LOU,3,2,3.99,20,2,0,0,0,3,29.1,29,16,13,2,0,9,31,1.3,0.261
1718121157-437,https://www.milb.com/stats/pitching?page=6,BrandonB EisertEisert,P,BUF,2,1,6.75,16,1,0,0,0,1,18.2,22,14,14,3,2,12,31,1.82,0.297
1718121157-438,https://www.milb.com/stats/pitching?page=6,MasonM FluhartyFluharty,P,BUF,4,1,2.76,24,0,0,0,0,1,29.1,20,12,9,2,2,14,31,1.16,0.198
1718121157-439,https://www.milb.com/stats/pitching?page=6,MattM ManningManning,P,TOL,2,0,3.72,6,5,0,0,0,0,29,24,12,12,3,0,10,31,1.17,0.231
1718121157-440,https://www.milb.com/stats/pitching?page=6,RodderyR MuñozMuñoz,P,JAX,2,4,5.49,8,7,0,0,0,0,41,35,27,25,7,4,18,31,1.29,0.226
1718121157-441,https://www.milb.com/stats/pitching?page=6,ChaseC ShugartShugart,P,WOR,2,1,4.82,15,2,0,0,1,1,28,27,22,15,4,3,15,31,1.5,0.25
1718121157-442,https://www.milb.com/stats/pitching?page=6,DanD StrailyStraily,P,IOW,0,4,6.42,8,7,0,0,0,0,33.2,40,26,24,10,2,20,31,1.78,0.296
1718121157-443,https://www.milb.com/stats/pitching?page=6,BryceB TassinTassin,P,TOL,0,0,3.33,18,3,0,0,2,3,27,21,11,10,6,2,16,31,1.37,0.212
1718121157-444,https://www.milb.com/stats/pitching?page=6,RobR ZastryznyZastryzny,P,NAS,4,0,2.63,24,0,0,0,2,3,24,14,7,7,2,0,8,31,0.92,0.165
1718121157-445,https://www.milb.com/stats/pitching?page=6,YosverY ZuluetaZulueta,P,LOU,2,0,3.55,19,0,0,0,1,1,25.1,22,13,10,1,1,18,31,1.58,0.229
1718121157-446,https://www.milb.com/stats/pitching?page=6,DanD AltavillaAltavilla,P,OMA,1,0,2.63,24,0,0,0,3,4,27.1,21,8,8,4,0,14,30,1.28,0.221
1718121157-447,https://www.milb.com/stats/pitching?page=6,BryanB BakerBaker,P,NOR,1,1,6.55,23,0,0,0,5,6,22,19,16,16,4,0,13,30,1.45,0.226
1718121157-448,https://www.milb.com/stats/pitching?page=6,PhilP BickfordBickford,P,SWB,2,1,3.09,19,0,0,0,4,5,23.1,20,8,8,2,2,10,30,1.29,0.235
1718121157-449,https://www.milb.com/stats/pitching?page=6,NolanN HoffmanHoffman,P,NOR,3,1,5.06,17,0,0,0,0,0,21.1,25,15,12,0,1,15,30,1.88,0.291
1718121157-450,https://www.milb.com/stats/pitching?page=6,BaileyB HornHorn,P,WOR,2,2,6.04,18,1,0,0,1,3,22.1,20,17,15,5,0,18,30,1.7,0.244
1718121157-451,https://www.milb.com/stats/pitching?page=6,ToukiT ToussaintToussaint,P,CLT,1,2,5.26,11,3,0,0,0,0,25.2,27,17,15,3,2,15,30,1.64,0.265
1718121157-452,https://www.milb.com/stats/pitching?page=6,AndrewA VasquezVasquez,P,TOL,3,1,7.36,22,0,0,0,1,3,25.2,32,24,21,6,7,15,30,1.83,0.299
1718121157-453,https://www.milb.com/stats/pitching?page=6,AnthonyA VenezianoVeneziano,P,OMA,2,2,3.38,17,5,0,0,0,0,37.1,33,16,14,3,3,19,30,1.39,0.241
1718121157-454,https://www.milb.com/stats/pitching?page=6,NickN VespiVespi,P,NOR,2,1,2.96,13,0,0,0,0,0,24.1,21,9,8,2,2,14,30,1.44,0.236
1718121157-455,https://www.milb.com/stats/pitching?page=6,LuisL CessaCessa,P,OMA,2,2,3.89,11,10,0,0,0,0,39.1,44,25,17,6,0,16,29,1.53,0.282
1718121157-456,https://www.milb.com/stats/pitching?page=6,PaoloP EspinoEspino,P,BUF,1,3,4.57,9,9,0,0,0,0,43.1,48,27,22,3,1,15,29,1.45,0.282
1718121157-457,https://www.milb.com/stats/pitching?page=6,TylerT GilbertGilbert,P,LHV,1,1,8.06,16,3,0,0,0,0,25.2,42,27,23,2,2,11,29,2.06,0.362
1718121157-458,https://www.milb.com/stats/pitching?page=6,DavidD ParkinsonParkinson,P,LHV,1,4,5.17,12,5,0,0,0,0,38.1,38,22,22,4,4,12,29,1.3,0.257
1718121161-459,https://www.milb.com/stats/pitching?page=5,DanielD Lynch IVLynch,P,OMA,4,0,4.76,9,9,0,0,0,0,45.1,53,28,24,5,1,13,34,1.46,0.296
1718121161-460,https://www.milb.com/stats/pitching?page=5,MichaelM MercadoMercado,P,LHV,0,1,0.99,12,8,0,0,0,0,36.1,21,7,4,1,1,20,34,1.13,0.169
1718121161-461,https://www.milb.com/stats/pitching?page=5,MaxM MeyerMeyer,P,JAX,0,3,6.75,8,8,0,0,0,0,26.2,32,22,20,6,1,12,34,1.65,0.296
1718121161-462,https://www.milb.com/stats/pitching?page=5,RyanR MiddendorfMiddendorf,P,NAS,0,0,4.1,23,0,0,0,1,2,26.1,28,12,12,4,5,8,34,1.37,0.264
1718121161-463,https://www.milb.com/stats/pitching?page=5,EnoliE ParedesParedes,P,NAS,2,0,1.31,18,0,0,0,5,6,20.2,11,4,3,0,1,9,34,0.97,0.153
1718121161-464,https://www.milb.com/stats/pitching?page=5,WesW ParsonsParsons,P,COL,0,1,4.56,11,5,0,0,0,0,23.2,21,13,12,5,3,19,34,1.69,0.231
1718121161-465,https://www.milb.com/stats/pitching?page=5,JustinJ SternerSterner,P,DUR,1,2,3.46,16,1,0,0,1,3,26,19,11,10,3,1,8,34,1.04,0.204
1718121161-466,https://www.milb.com/stats/pitching?page=5,BruceB ZimmermannZimmermann,P,NOR,2,3,4.35,8,7,0,0,0,1,39.1,45,26,19,2,2,13,34,1.47,0.288
1718121161-467,https://www.milb.com/stats/pitching?page=5,TuckerT DavidsonDavidson,P,NOR,1,2,2.8,14,3,0,0,0,0,35.1,30,18,11,4,0,14,33,1.25,0.224
1718121161-468,https://www.milb.com/stats/pitching?page=5,RobertR GsellmanGsellman,P,ROC,0,2,9.74,15,4,0,0,0,0,32.1,43,36,35,4,2,17,33,1.86,0.323
1718121161-469,https://www.milb.com/stats/pitching?page=5,AnthonyA MisiewiczMisiewicz,P,SWB,2,0,3.18,21,0,0,0,3,4,28.1,23,11,10,2,0,9,33,1.13,0.221
1718121161-470,https://www.milb.com/stats/pitching?page=5,TroyT WatsonWatson,P,BUF,2,4,7.99,17,7,0,0,0,1,32.2,43,33,29,10,1,19,33,1.9,0.316
1718121161-471,https://www.milb.com/stats/pitching?page=5,ScottS BlewettBlewett,P,STP,3,2,2.64,21,1,0,0,0,0,30.2,26,11,9,0,0,8,32,1.11,0.222
1718121161-472,https://www.milb.com/stats/pitching?page=5,TrevorT BrigdenBrigden,P,DUR,1,1,7.36,22,0,0,0,1,2,25.2,33,22,21,6,1,9,32,1.64,0.32
1718121161-473,https://www.milb.com/stats/pitching?page=5,TannerT BurnsBurns,P,COL,2,2,4.97,18,0,0,0,1,1,25.1,21,15,14,5,2,16,32,1.46,0.228
1718121161-474,https://www.milb.com/stats/pitching?page=5,EdwinE EscobarEscobar,P,IOW,2,1,3.9,19,0,0,0,0,0,32.1,20,14,14,4,2,24,32,1.36,0.177
1718121161-475,https://www.milb.com/stats/pitching?page=5,CarlosC GarciaGarcia,P,DUR,1,2,4.56,15,5,0,0,0,1,25.2,23,19,13,3,3,15,32,1.48,0.23
1718121161-476,https://www.milb.com/stats/pitching?page=5,HobieH HarrisHarris,P,STP,1,3,7.11,20,0,0,0,4,5,25.1,27,22,20,7,0,14,32,1.62,0.267
1718121161-477,https://www.milb.com/stats/pitching?page=5,RonnyR HenriquezHenriquez,P,STP,0,2,3.94,18,0,0,0,1,1,32,32,15,14,4,1,9,32,1.28,0.26
1718121161-478,https://www.milb.com/stats/pitching?page=5,PatrickP MonteverdeMonteverde,P,JAX,3,2,5.18,8,7,0,0,0,0,41.2,40,25,24,8,2,15,32,1.32,0.25
1718121161-479,https://www.milb.com/stats/pitching?page=5,CodyC MorrisMorris,P,SWB,4,0,3.6,15,1,0,0,0,0,25,23,11,10,2,2,14,32,1.48,0.235
1718121161-480,https://www.milb.com/stats/pitching?page=5,GarrettG StallingsStallings,P,NAS,0,1,6.21,13,5,0,0,0,0,33.1,38,26,23,6,1,17,32,1.65,0.279
1718121161-481,https://www.milb.com/stats/pitching?page=5,NaoyukiN UwasawaUwasawa,P,WOR,3,2,5.54,9,6,0,0,0,0,37.1,40,23,23,5,3,17,32,1.53,0.274
1718121161-482,https://www.milb.com/stats/pitching?page=5,BrianB Van BelleVan Belle,P,WOR,1,2,6.86,11,7,0,0,0,0,39.1,56,32,30,6,0,15,32,1.81,0.333
1718121161-483,https://www.milb.com/stats/pitching?page=5,LuarbertL AriasArias,P,JAX,1,2,4.66,19,0,0,0,2,2,29,25,16,15,4,5,10,31,1.21,0.227
1718121166-484,https://www.milb.com/stats/pitching?page=4,EricE LauerLauer,P,IND,2,2,5.52,8,6,0,0,0,0,29.1,31,20,18,6,1,11,37,1.43,0.272
1718121166-485,https://www.milb.com/stats/pitching?page=4,ConnorC SadzeckSadzeck,P,IND,2,0,3.82,20,0,0,0,0,0,30.2,36,17,13,1,2,15,37,1.66,0.286
1718121166-486,https://www.milb.com/stats/pitching?page=4,MikeM VasilVasil,P,SYR,2,3,7.46,11,11,0,0,0,0,44.2,51,39,37,11,4,22,37,1.63,0.291
1718121166-487,https://www.milb.com/stats/pitching?page=4,JoanJ AdonAdon,P,ROC,3,5,6.35,11,11,0,0,0,0,45.1,50,38,32,4,7,32,36,1.81,0.279
1718121166-488,https://www.milb.com/stats/pitching?page=4,JordanJ BalazovicBalazovic,P,STP,3,4,5.81,19,1,0,0,0,0,26.1,32,20,17,2,0,13,36,1.71,0.288
1718121166-489,https://www.milb.com/stats/pitching?page=4,JustinJ HagenmanHagenman,P,WOR,1,2,5.64,12,3,0,0,0,0,30.1,23,19,19,7,2,16,36,1.29,0.202
1718121166-490,https://www.milb.com/stats/pitching?page=4,NickN NastriniNastrini,P,CLT,0,4,5.83,6,6,0,0,0,0,29.1,33,22,19,9,1,11,36,1.5,0.275
1718121166-491,https://www.milb.com/stats/pitching?page=4,DariusD VinesVines,P,GWN,0,1,5.44,8,8,0,0,0,0,43,44,26,26,9,0,13,36,1.33,0.265
1718121166-492,https://www.milb.com/stats/pitching?page=4,TreyT WingenterWingenter,P,TOL,3,3,3.55,19,0,0,0,2,3,25.1,23,14,10,4,2,15,36,1.5,0.237
1718121166-493,https://www.milb.com/stats/pitching?page=4,JonathanJ CannonCannon,P,CLT,2,3,5.5,8,8,0,0,0,0,37.2,39,26,23,3,5,18,35,1.51,0.271
1718121166-494,https://www.milb.com/stats/pitching?page=4,XzavionX CurryCurry,P,COL,0,6,8.1,9,8,0,0,0,0,40,47,37,36,15,2,18,35,1.63,0.296
1718121166-495,https://www.milb.com/stats/pitching?page=4,RicoR GarciaGarcia,P,ROC,4,1,3.24,22,0,0,0,9,9,25,15,10,9,4,1,14,35,1.16,0.172
1718121166-496,https://www.milb.com/stats/pitching?page=4,HaydenH JuengerJuenger,P,BUF,2,1,4.2,23,0,0,0,1,1,30,30,14,14,0,1,11,35,1.37,0.259
1718121166-497,https://www.milb.com/stats/pitching?page=4,EvanE SiskSisk,P,OMA,4,0,2.63,22,0,0,0,1,2,24,17,7,7,0,2,11,35,1.17,0.195
1718121166-498,https://www.milb.com/stats/pitching?page=4,AJA Smith-ShawverSmith-Shawver,P,GWN,1,2,6.1,8,8,0,0,0,0,31,30,21,21,9,1,17,35,1.52,0.25
1718121166-499,https://www.milb.com/stats/pitching?page=4,ConnorC ThomasThomas,P,MEM,2,2,3.28,25,0,0,0,2,3,35.2,42,14,13,3,0,6,35,1.35,0.29
1718121166-500,https://www.milb.com/stats/pitching?page=4,CamC AlldredAlldred,P,IND,1,3,6.88,9,9,0,0,0,0,34,39,28,26,3,1,18,34,1.68,0.289
1718121166-501,https://www.milb.com/stats/pitching?page=4,ChrisC ClarkeClarke,P,IOW,1,2,5.02,12,10,0,0,0,0,43,48,27,24,5,4,17,34,1.51,0.286
1718121166-502,https://www.milb.com/stats/pitching?page=4,MasonM EnglertEnglert,P,TOL,3,0,2.35,17,0,0,0,0,1,23,16,6,6,3,2,9,34,1.09,0.198
1718121166-503,https://www.milb.com/stats/pitching?page=4,MichaelM GomezGomez,P,DUR,0,2,6.14,15,0,0,0,0,0,22,30,18,15,1,4,11,34,1.86,0.323
1718121166-504,https://www.milb.com/stats/pitching?page=4,LuisL GonzálezGonzález,P,NOR,3,0,3,20,0,0,0,1,3,27,23,10,9,2,3,3,34,0.96,0.223
1718121166-505,https://www.milb.com/stats/pitching?page=4,AnthonyA GoseGose,P,COL,2,3,3.75,21,0,0,0,4,7,24,17,10,10,4,0,16,34,1.38,0.198
1718121166-506,https://www.milb.com/stats/pitching?page=4,LuisL GuerreroGuerrero,P,WOR,2,1,3.91,19,0,0,0,0,1,25.1,21,11,11,3,7,16,34,1.46,0.221
1718121166-507,https://www.milb.com/stats/pitching?page=4,BenB HellerHeller,P,IND,1,1,4.91,15,0,0,0,0,1,18.1,15,10,10,5,1,8,34,1.25,0.214
1718121166-508,https://www.milb.com/stats/pitching?page=4,BrettB KennedyKennedy,P,LOU,1,5,6.54,9,9,0,0,0,0,42.2,44,31,31,11,2,8,34,1.22,0.272
1718121170-509,https://www.milb.com/stats/pitching?page=3,AaronA AshbyAshby,P,NAS,1,3,6.8,10,9,0,0,0,0,43.2,48,33,33,3,3,38,43,1.97,0.284
1718121170-510,https://www.milb.com/stats/pitching?page=3,BryceB ElderElder,P,GWN,4,1,3.63,6,6,0,0,0,0,34.2,26,15,14,3,0,16,43,1.21,0.205
1718121170-511,https://www.milb.com/stats/pitching?page=3,ChristianC ScottScott,P,SYR,3,0,2.97,6,6,0,0,0,0,30.1,14,10,10,8,0,7,43,0.69,0.133
1718121170-512,https://www.milb.com/stats/pitching?page=3,TaylorT WidenerWidener,P,GWN,3,3,5.12,12,5,0,0,0,0,38.2,36,25,22,6,4,15,43,1.32,0.24
1718121170-513,https://www.milb.com/stats/pitching?page=3,DJD HerzHerz,P,ROC,3,2,3.75,9,9,0,0,0,0,36,22,19,15,3,0,29,42,1.42,0.177
1718121170-514,https://www.milb.com/stats/pitching?page=3,GrantG HolmesHolmes,P,GWN,3,2,1.98,17,2,0,0,4,4,36.1,26,10,8,3,1,12,42,1.05,0.202
1718121170-515,https://www.milb.com/stats/pitching?page=3,ChadC KuhlKuhl,P,CLT,1,3,4.34,13,11,0,0,0,1,56,51,30,27,5,4,33,42,1.5,0.25
1718121170-516,https://www.milb.com/stats/pitching?page=3,EricE OrzeOrze,P,SYR,3,0,3.82,20,0,0,0,2,2,30.2,23,14,13,5,0,18,42,1.34,0.207
1718121170-517,https://www.milb.com/stats/pitching?page=3,PaxtonP SchultzSchultz,P,BUF,1,1,4.5,15,3,0,0,0,0,32,25,17,16,4,0,25,42,1.56,0.219
1718121170-518,https://www.milb.com/stats/pitching?page=3,ThaddeusT WardWard,P,ROC,4,3,6.89,12,12,0,0,0,0,47,48,37,36,5,9,35,42,1.77,0.265
1718121170-519,https://www.milb.com/stats/pitching?page=3,JakeJ WoodfordWoodford,P,CLT,1,3,5.26,10,10,1,0,0,0,49.2,52,31,29,9,4,17,42,1.39,0.269
1718121170-520,https://www.milb.com/stats/pitching?page=3,GeronimoG FranzuaFranzua,P,IND,1,4,6.75,22,2,0,0,4,6,30.2,28,27,23,9,3,22,41,1.63,0.248
1718121170-521,https://www.milb.com/stats/pitching?page=3,RyanR JensenJensen,P,STP,3,2,1.98,20,1,0,0,0,0,27.1,18,11,6,0,1,21,41,1.43,0.188
1718121170-522,https://www.milb.com/stats/pitching?page=3,JulioJ TeheranTeheran,P,NOR,1,4,9.57,9,9,0,0,0,0,36.2,57,41,39,10,4,15,41,1.96,0.354
1718121170-523,https://www.milb.com/stats/pitching?page=3,AllanA WinansWinans,P,GWN,3,3,3.86,9,8,0,0,0,0,46.2,38,20,20,7,3,19,41,1.22,0.218
1718121170-524,https://www.milb.com/stats/pitching?page=3,DavidD BuchananBuchanan,P,LHV,4,3,5.34,11,10,0,0,0,0,60.2,75,36,36,10,0,15,40,1.48,0.31
1718121170-525,https://www.milb.com/stats/pitching?page=3,EdwinE UcetaUceta,P,DUR,1,2,6.14,18,0,0,0,0,0,29.1,35,23,20,6,2,14,40,1.67,0.294
1718121170-526,https://www.milb.com/stats/pitching?page=3,NathanN WilesWiles,P,DUR,4,2,6.14,13,10,0,0,0,0,51.1,65,39,35,10,5,14,40,1.54,0.311
1718121170-527,https://www.milb.com/stats/pitching?page=3,MickM AbelAbel,P,LHV,1,6,6.31,10,10,0,0,0,0,45.2,51,34,32,6,3,33,39,1.84,0.29
1718121170-528,https://www.milb.com/stats/pitching?page=3,TonyT SantillanSantillan,P,LOU,1,4,3.41,29,0,0,0,11,12,29,19,15,11,2,3,20,39,1.34,0.184
1718121170-529,https://www.milb.com/stats/pitching?page=3,ZackZ ThompsonThompson,P,MEM,2,1,2.67,8,7,0,0,0,0,33.2,21,11,10,4,1,25,39,1.37,0.175
1718121170-530,https://www.milb.com/stats/pitching?page=3,BrooksB KriskeKriske,P,LOU,4,0,2.48,26,0,0,0,1,2,29,17,8,8,4,0,13,38,1.03,0.175
1718121170-531,https://www.milb.com/stats/pitching?page=3,KeiderK MonteroMontero,P,TOL,0,2,5.61,10,10,0,0,0,0,33.2,34,22,21,4,2,21,38,1.63,0.262
1718121170-532,https://www.milb.com/stats/pitching?page=3,CodyC PoteetPoteet,P,SWB,3,0,4.05,7,7,0,0,0,0,33.1,26,16,15,4,0,11,38,1.11,0.21
1718121170-533,https://www.milb.com/stats/pitching?page=3,FraserF EllardEllard,P,CLT,1,2,4.21,24,0,0,0,2,4,25.2,24,14,12,3,4,16,37,1.56,0.245
1718121173-534,https://www.milb.com/stats/pitching?page=2,DarrenD McCaughanMcCaughan,P,COL,3,2,5.33,10,10,0,0,0,0,49,50,34,29,9,0,18,51,1.39,0.258
1718121173-535,https://www.milb.com/stats/pitching?page=2,ZachZ LogueLogue,P,GWN,1,4,3.56,12,6,1,1,1,2,48,38,19,19,6,5,14,50,1.08,0.22
1718121173-536,https://www.milb.com/stats/pitching?page=2,LyonL RichardsonRichardson,P,LOU,1,2,4.89,13,12,0,0,0,0,53.1,50,35,29,5,3,40,50,1.69,0.245
1718121173-537,https://www.milb.com/stats/pitching?page=2,JacksonJ RutledgeRutledge,P,ROC,2,3,6.36,11,11,0,0,0,0,46.2,51,34,33,5,1,26,50,1.65,0.277
1718121173-538,https://www.milb.com/stats/pitching?page=2,DevinD SweetSweet,P,TOL,4,4,3.97,20,3,0,0,2,2,34,27,17,15,5,2,17,50,1.29,0.214
1718121173-539,https://www.milb.com/stats/pitching?page=2,JasonJ AlexanderAlexander,P,WOR,3,4,4.42,12,12,0,0,0,0,57,61,32,28,5,1,18,49,1.39,0.271
1718121173-540,https://www.milb.com/stats/pitching?page=2,GrantG GambrellGambrell,P,WOR,3,6,4.31,12,10,1,0,0,0,56.1,62,29,27,5,4,23,49,1.51,0.277
1718121173-541,https://www.milb.com/stats/pitching?page=2,DomD HamelHamel,P,SYR,1,3,7.29,11,11,0,0,0,0,45.2,49,37,37,7,1,37,49,1.88,0.269
1718121173-542,https://www.milb.com/stats/pitching?page=2,CarsonC SpiersSpiers,P,LOU,3,1,2.51,9,8,0,0,0,0,46.2,34,19,13,2,4,15,49,1.05,0.197
1718121173-543,https://www.milb.com/stats/pitching?page=2,WillW DionDion,P,COL,2,2,7.08,12,11,0,0,0,0,48.1,53,43,38,9,2,24,47,1.59,0.279
1718121173-544,https://www.milb.com/stats/pitching?page=2,MasonM MontgomeryMontgomery,P,DUR,0,5,6.75,12,9,0,0,0,0,45.1,55,35,34,9,3,19,47,1.63,0.304
1718121173-545,https://www.milb.com/stats/pitching?page=2,OddanierO MosquedaMosqueda,P,SWB,4,0,4.35,23,0,0,0,2,5,31,22,19,15,3,1,18,47,1.29,0.193
1718121173-546,https://www.milb.com/stats/pitching?page=2,AndrewA BashBash,P,BUF,2,0,3.91,13,12,0,0,0,0,48.1,46,24,21,4,4,23,45,1.43,0.247
1718121173-547,https://www.milb.com/stats/pitching?page=2,YonnyY ChirinosChirinos,P,JAX,5,4,3.25,11,11,0,0,0,0,61,59,24,22,7,3,20,45,1.3,0.254
1718121173-548,https://www.milb.com/stats/pitching?page=2,JohanJ DominguezDominguez,P,CLT,4,4,4.27,13,10,0,0,0,0,52.2,53,25,25,7,4,23,45,1.44,0.26
1718121173-549,https://www.milb.com/stats/pitching?page=2,RichardR FittsFitts,P,WOR,4,2,4.02,11,10,0,0,0,0,53.2,48,27,24,4,2,20,45,1.27,0.241
1718121173-550,https://www.milb.com/stats/pitching?page=2,JoeyJ LucchesiLucchesi,P,SYR,4,2,3.86,11,11,0,0,0,0,60.2,58,29,26,8,1,25,45,1.37,0.257
1718121173-551,https://www.milb.com/stats/pitching?page=2,ConnorC PhillipsPhillips,P,LOU,2,4,9,12,12,0,0,0,0,50,64,53,50,12,5,46,45,2.2,0.318
1718121173-552,https://www.milb.com/stats/pitching?page=2,MichaelM PlassmeyerPlassmeyer,P,IND,1,6,8.74,10,10,0,0,0,0,35,49,36,34,8,3,8,45,1.63,0.327
1718121173-553,https://www.milb.com/stats/pitching?page=2,PaulP SkenesSkenes,P,IND,0,0,0.99,7,7,0,0,0,0,27.1,17,4,3,1,0,8,45,0.91,0.175
1718121173-554,https://www.milb.com/stats/pitching?page=2,RileyR ThompsonThompson,P,IOW,2,0,6.27,18,3,0,0,1,2,37.1,40,27,26,5,0,20,45,1.61,0.268
1718121173-555,https://www.milb.com/stats/pitching?page=2,ClaytonC BeeterBeeter,P,SWB,3,1,2.53,7,7,0,0,0,0,32,17,9,9,1,0,21,44,1.19,0.153
1718121173-556,https://www.milb.com/stats/pitching?page=2,YoendrysY GómezGómez,P,SWB,1,2,3.19,10,10,0,0,0,0,36.2,24,14,13,4,2,20,44,1.2,0.189
1718121173-557,https://www.milb.com/stats/pitching?page=2,RileyR MartinMartin,P,IOW,1,2,3.81,19,0,0,0,1,4,28.1,20,14,12,4,1,22,44,1.48,0.198
1718121173-558,https://www.milb.com/stats/pitching?page=2,LouieL VarlandVarland,P,STP,2,5,5.31,8,8,0,0,0,0,40.2,45,28,24,4,0,14,44,1.45,0.274
1718121177-559,https://www.milb.com/stats/pitching,ChayceC McDermottMcDermott,P,NOR,2,3,3.57,13,12,0,0,0,0,58,50,27,23,7,3,37,90,1.5,0.23
1718121177-560,https://www.milb.com/stats/pitching,CadeC PovichPovich,P,NOR,5,1,3.18,11,11,0,0,0,0,56.2,42,21,20,5,1,21,75,1.11,0.203
1718121177-561,https://www.milb.com/stats/pitching,DavidD FestaFesta,P,STP,1,2,3.56,12,12,0,0,0,0,48,43,19,19,6,1,24,71,1.4,0.242
1718121177-562,https://www.milb.com/stats/pitching,Carlos F.C RodriguezRodriguez,P,NAS,4,5,5.17,12,11,0,0,0,0,62.2,52,39,36,8,4,29,66,1.29,0.221
1718121177-563,https://www.milb.com/stats/pitching,WalterW PenningtonPennington,P,OMA,3,2,2.14,25,2,0,0,2,4,42,22,12,10,4,1,13,65,0.83,0.149
1718121177-564,https://www.milb.com/stats/pitching,SemS RobberseRobberse,P,MEM,5,4,4.46,12,10,1,0,0,1,66.2,59,35,33,12,0,20,65,1.19,0.237
1718121177-565,https://www.milb.com/stats/pitching,WillW WarrenWarren,P,SWB,4,4,7.24,12,12,0,0,0,0,54.2,59,46,44,13,5,24,62,1.52,0.273
1718121177-566,https://www.milb.com/stats/pitching,ChadC PatrickPatrick,P,NAS,6,1,2.83,11,10,0,0,0,0,60.1,49,20,19,8,3,20,61,1.14,0.221
1718121177-567,https://www.milb.com/stats/pitching,TylerT PhillipsPhillips,P,LHV,6,3,5.3,12,12,2,0,0,0,73,73,46,43,8,0,33,61,1.45,0.263
1718121177-568,https://www.milb.com/stats/pitching,RandyR DobnakDobnak,P,STP,4,5,5.02,13,11,0,0,0,0,57.1,61,38,32,7,6,27,60,1.53,0.27
1718121177-569,https://www.milb.com/stats/pitching,ConnorC GillispieGillispie,P,COL,2,5,5.02,13,8,0,0,0,0,57.1,59,39,32,15,3,27,60,1.5,0.266
1718121177-570,https://www.milb.com/stats/pitching,JoeJ RockRock,P,DUR,4,2,3.32,12,10,0,0,0,0,57,58,25,21,6,3,12,60,1.23,0.259
1718121177-571,https://www.milb.com/stats/pitching,GordonG GraceffoGraceffo,P,MEM,6,5,4.5,12,12,1,0,0,0,64,65,36,32,9,2,27,59,1.44,0.257
1718121177-572,https://www.milb.com/stats/pitching,ThomasT PannonePannone,P,IOW,4,5,4.22,13,13,1,0,0,0,64,64,34,30,9,4,19,58,1.3,0.262
1718121177-573,https://www.milb.com/stats/pitching,SamS McWilliamsMcWilliams,P,IOW,4,2,6.63,18,3,0,0,0,0,36.2,36,28,27,12,1,18,57,1.47,0.252
1718121177-574,https://www.milb.com/stats/pitching,EdgarE BarclayBarclay,P,SWB,3,4,6.51,12,12,0,0,0,0,56.2,61,44,41,13,1,32,55,1.64,0.27
1718121177-575,https://www.milb.com/stats/pitching,AdamA KloffensteinKloffenstein,P,MEM,2,4,4.5,12,12,0,0,0,0,66,49,33,33,11,7,25,55,1.12,0.21
1718121177-576,https://www.milb.com/stats/pitching,JustinJ ArmbruesterArmbruester,P,NOR,1,5,10.4,12,11,0,0,1,1,45,55,53,52,15,9,30,54,1.89,0.293
1718121177-577,https://www.milb.com/stats/pitching,BryanB SammonsSammons,P,TOL,4,3,3.29,11,11,0,0,0,0,54.2,42,22,20,5,2,21,54,1.15,0.206
1718121177-578,https://www.milb.com/stats/pitching,JonathanJ BowlanBowlan,P,OMA,6,3,6.31,11,11,0,0,0,0,51.1,54,40,36,10,1,20,53,1.44,0.267
1718121177-579,https://www.milb.com/stats/pitching,BrantB HurterHurter,P,TOL,1,3,5.06,11,11,0,0,0,0,42.2,47,27,24,6,4,13,52,1.41,0.269
1718121177-580,https://www.milb.com/stats/pitching,MichaelM McGreevyMcGreevy,P,MEM,3,6,5.01,13,13,1,0,0,0,70,78,41,39,7,0,21,52,1.41,0.278
1718121177-581,https://www.milb.com/stats/pitching,SpenserS WatkinsWatkins,P,ROC,3,2,4.43,13,11,0,0,0,0,61,64,33,30,7,4,21,52,1.39,0.266
1718121177-582,https://www.milb.com/stats/pitching,CalebC BoushleyBoushley,P,STP,6,1,3.86,10,10,0,0,0,0,53.2,49,24,23,7,0,7,51,1.04,0.24
1718121177-583,https://www.milb.com/stats/pitching,DylanD DoddDodd,P,GWN,2,6,5.01,12,10,0,0,0,0,59.1,68,38,33,7,1,20,51,1.48,0.287
